avg_speed_ratio,trend,is_peak_hour,event_nearby,congested
0.542471420703123,-0.44953904903095887,0,0,0
0.560508472090969,0.48423007814609265,0,1,0
0.34411039188324555,0.30781223636071475,1,1,1
0.795791476908775,-0.19082069434927496,0,0,0
0.7583527917426047,-0.029133306394299452,0,0,0
0.6258321112017309,0.2265759792020422,0,0,0
0.3253753529806572,0.1760320858394464,0,1,1
0.6454918282857014,-0.03691910118576425,1,1,1
0.2801067377176163,0.01238990069906687,1,0,1
0.4714976209138052,-0.4567923195835675,0,0,1
0.4978862742341703,0.0006332444869485698,1,0,1
0.9067403140325156,-0.15975310827596356,1,0,0
0.5324496603555082,-0.21494879952504364,0,1,0
0.6787758949006376,-0.230377575231814,0,1,0
0.8998231903231872,0.1489468973564484,0,0,0
0.5406075510045036,-0.07074237927868143,0,1,1
0.9069628160565857,-0.0741975915720755,0,0,0
0.3091690500213118,-0.34081300864852127,1,0,1
0.4918745257279679,0.46186356824361696,1,1,1
0.2757817992531717,-0.2760737975494486,0,0,0
0.6487437034250279,-0.09389079339921536,1,0,1
0.965825648326242,-0.30979523582026103,1,0,0
0.7255614682570122,0.20314285238914787,0,0,0
0.7008604938789988,-0.06387125353914569,0,0,0
0.4225269057945107,-0.08635006098189846,0,1,1
0.9448854068984975,0.3750948853890671,0,1,0
0.5772278278205556,0.2594798497934533,0,0,0
0.4136016424366553,0.0198750528891809,1,1,1
0.9901599843464062,-0.031409595958862946,0,0,0
0.5384991470357912,0.45990139779705574,0,0,0
0.49719918592763535,0.4564621646912369,0,1,0
0.22796901383906754,0.20477086790988763,1,0,0
0.34263597851574606,0.2601479264864329,1,1,1
0.8473530840578243,0.3990929081538158,1,0,0
0.5861560836817202,0.4643087558707376,0,1,0
0.9638997815401549,-0.4177252337291767,0,0,0
0.2671086425788651,0.49733883247058175,1,0,1
0.6927547539187455,0.20302221496939865,0,1,0
0.7759873180346524,0.09274485419162759,0,0,0
0.6969465011716829,-0.0868328746731023,1,0,0
0.6239020481006845,-0.16361010631396256,0,0,0
0.6626386562709687,0.3042102085239773,0,1,0
0.7516396731011361,0.1544350565466125,1,1,0
0.8906108349100232,-0.29929483117850597,1,1,0
0.4690757154277487,0.10991103713400596,1,1,1
0.5677232643533341,-0.3588338982785346,0,1,0
0.7087276692937368,-0.003125173493871425,0,0,0
0.45137276186115804,0.08345763783464843,0,1,0
0.3430262927573563,0.13568407074403233,1,1,1
0.9729350054225065,-0.3547378102765648,1,1,0
0.35578311103698984,-0.40440147134922966,0,1,0
0.3861864763218006,-0.24129183402464216,1,1,1
0.6949488803860739,0.10702983215461348,1,1,0
0.26189464793720224,0.4316828139709228,1,0,1
0.2272381230521653,0.2791235309003536,0,0,0
0.2512108830442789,0.24571052517242742,1,0,1
0.29861091662861466,-0.16976765544228412,0,1,1
0.5433574897073498,-0.38829262022484146,0,0,0
0.8634085147715931,0.391939406120252,1,0,0
0.4735775144764219,0.0008535050166287306,0,1,0
0.5420251317179359,-0.399489153795748,1,0,0
0.6802008742686936,0.03496873011717916,0,1,0
0.44171554049900896,0.1754102426652563,1,1,1
0.5460303030143844,-0.18009997039766157,0,0,0
0.5090493494914887,-0.49075106831636417,0,1,1
0.4735068333200159,0.12160696214776212,0,1,1
0.51071453558563,-0.459904481570515,0,0,0
0.2088941683296507,-0.06720670912881277,1,1,1
0.9090085344972678,0.3247752281268471,0,1,0
0.9818774379589528,0.4988476323424802,0,1,0
0.8899969531329106,-0.12969708601583252,1,0,0
0.20459381924339334,-0.4798730734998029,0,0,0
0.8007084373556976,-0.00709689806122793,0,0,0
0.6584801380693708,-0.22372460256800775,1,0,0
0.2753399288062003,0.3927750135891924,0,1,0
0.9462873079036782,0.21150315032769396,0,1,0
0.8209737033781095,-0.09567673119404752,0,1,0
0.31623702915847496,0.2620282309181695,1,0,1
0.971233143754797,-0.15879413107706752,1,1,0
0.3009590022485121,0.02176358511378984,0,1,1
0.5637439028074268,0.42278527979917035,1,1,1
0.32718058612733836,-0.29984273376297055,0,0,1
0.3201526360463236,-0.18694199809329393,0,1,1
0.9742445906996882,0.38559341252695944,1,0,0
0.6576982251138721,-0.03812163968958826,1,1,0
0.407339934154402,-0.18211117132642118,1,0,0
0.8211194966932267,-0.4627013298160595,0,0,0
0.9001955194420059,-0.08104696241309894,1,1,0
0.9340831494302231,0.0006011113688091374,1,0,0
0.9463879767734977,-0.09366713267891269,0,0,0
0.9244654638042362,-0.2225407662294412,0,0,0
0.7111459167412566,-0.13086982644613387,0,1,0
0.4739733198456457,0.14244479855371972,1,0,1
0.9404541419511057,0.3912797199630025,1,0,0
0.29799722240030885,0.1496758225775019,1,0,1
0.335039852040654,0.1461624359737661,0,1,0
0.5470620323965552,0.3168748619808778,0,0,0
0.4269319537705453,-0.33485722226673365,1,0,1
0.6925862513790971,-0.19890237054186155,1,0,1
0.9242415383716986,-0.44940901702512903,0,0,0
0.5928250610979582,-0.1503622031267594,0,0,0
0.6430964747348258,0.4988237822665057,0,1,0
0.538506983184874,-0.17068760463442412,0,0,0
0.7660553279807509,0.35977299602590707,0,1,0
0.28055102387697106,-0.41422228606956757,1,1,1
0.23887190874124925,-0.04028763666400059,1,1,1
0.7130707795465303,-0.14853713461836338,0,0,0
0.6279028361233215,-0.2984171367685844,0,1,0
0.5258864232155022,-0.12749374294313598,0,0,0
0.4671941135033376,0.1512781114139471,1,0,0
0.24144595523450044,-0.009691925110907107,0,0,1
0.7444449299311984,0.34433403120846173,0,1,0
0.5371740286565738,0.4049466068483374,1,1,1
0.5562144316156934,-0.018107168830555187,0,0,0
0.9147558811295136,0.48172631415111966,0,0,0
0.790038306018783,-0.42797923646341607,0,1,0
0.3755545189546332,-0.2236607786637519,0,1,1
0.7257331972174261,-0.08328872959142408,1,1,0
0.30580425480292617,0.08270151035832729,1,0,1
0.35525109428171453,0.04592974131321059,1,1,0
0.7713193925859476,0.06797676378207373,0,1,0
0.3007123345999181,0.39625072260863115,0,1,1
0.42415516109678236,-0.22243480804669402,0,0,0
0.9184482143868316,0.31685374558862867,0,1,0
0.7906523826252367,0.058000554127659254,0,0,0
0.943567614112816,-0.009509517077308738,1,1,0
0.9054666735689627,-0.20058657437453087,1,0,0
0.45006353758025003,-0.1959311972399972,0,0,1
0.7059019475848294,-0.11152012855511295,1,0,0
0.5029565424974187,0.26351048809969146,1,1,1
0.7576834653008877,-0.02326711240772894,0,1,0
0.4787656173207304,-0.34616631474375004,1,1,1
0.20105389750404737,0.25986317734279984,1,0,1
0.2751505721374284,0.16337998791586839,0,0,1
0.8168098609782193,0.44923876840116705,1,0,0
0.26720419581780885,0.029414101619543276,1,1,1
0.6795381465921939,0.15442214245780417,0,0,0
0.8862228098873539,-0.02066972723878857,1,0,0
0.7928809894736901,0.18078020827796437,1,1,0
0.5307510358556327,-0.0638829367998166,0,1,0
0.3668833722345224,-0.3621435212641756,0,1,1
0.9380299901934621,0.4866832362991309,0,1,0
0.653119745428048,0.22036370279585538,0,0,0
0.5243360474136447,0.10862582522985142,0,0,1
0.9536461592186227,-0.01857924981448056,0,1,0
0.3720141950975287,0.21142900218866523,1,0,1
0.5538254979628972,-0.37322507786481907,0,1,0
0.2869165673308051,-0.17388660185830584,1,1,1
0.2999042087196306,-0.37530064923711415,1,1,1
0.5188770047974681,-0.3739749039017959,0,0,0
0.7597282847880793,-0.4786524551227992,1,0,0
0.47111515532334675,0.2558934151415505,0,1,0
0.7516783780824017,-0.2726913753748208,0,0,0
0.844152375401914,0.33200771906968707,0,0,0
0.902062331722669,0.4044345141637322,0,0,0
0.23577560324298955,-0.33143394034810736,0,0,1
0.8189853239784732,0.20886404233594102,1,1,0
0.31771369777921454,-0.039694271509939094,0,0,1
0.7586098346394674,0.4189611574060509,1,1,0
0.4973299724800014,-0.01558280619834751,0,1,0
0.7662346381558895,-0.12112611355722303,0,0,0
0.3710593956063975,-0.20543488096983997,0,1,1
0.7159925751207963,0.4036214402281574,0,1,0
0.30041126964955245,-0.2738206965914718,1,1,1
0.3357964381254456,0.3277147916094866,0,1,0
0.6915695401316477,-0.3058125524220624,1,1,1
0.4694171933202886,0.14339685425349136,1,0,0
0.7630224584910468,-0.04893436027580378,0,1,0
0.7481275483221499,-0.39539132498332064,0,1,0
0.6973071922040628,-0.37406699568294766,1,0,0
0.7844324329874544,-0.21849085008433033,1,0,0
0.8351481925309312,0.2666516849540702,0,0,0
0.9291386259774592,0.2289400022656518,0,1,0
0.26441266358540816,-0.29487974859263266,0,1,0
0.6572392118227599,-0.023797805433100172,1,0,0
0.7990214668963207,-0.40301303732300475,1,0,0
0.3735531653359019,0.21594628618320277,0,0,0
0.4108969143815568,0.2933020350174008,1,1,1
0.41357147546833667,0.393512000037027,0,1,0
0.6578663771796146,0.3857459663901738,0,1,0
0.49293645477252784,-0.16210769285399407,0,1,1
0.7328757920972793,-0.24546616655997722,0,1,0
0.6881917455743491,0.3965893747463688,0,0,0
0.7256894664824389,-0.35399302518049014,1,1,1
0.4018540934473811,-0.4406559283073733,0,0,1
0.8138971006583975,-0.18575702197522548,0,1,0
0.7312284406149552,0.26030004391466277,0,0,0
0.3045196901051608,0.19419979215546346,1,1,1
0.3601382819272531,0.4870552790268564,1,0,1
0.4407721170451721,-0.1404664288920644,0,1,0
0.948833206270985,-0.2241526851431206,1,0,0
0.4610798908833867,-0.12179239075507342,0,0,0
0.2159032661322554,0.2822562614304541,0,1,1
0.31330059012707995,-0.2857000488788619,1,0,1
0.22573745892065028,0.4477479842464528,0,0,1
0.5222713953145732,0.012549332529695034,1,0,0
0.8377227207757632,0.2831449957744697,1,1,0
0.5603486244712027,0.3272618244839166,0,1,0
0.8711953078345174,-0.021184882662249938,1,1,0
0.23802345708858993,0.24137138040258688,1,1,1
0.5757782913158112,-0.13530567606453914,0,0,0
0.8296602977035368,0.31092801427320427,1,1,0
0.7397777741231606,0.3239030086174305,1,1,0
0.8822604297123735,0.06620581943841886,0,0,0
0.4190677791276601,-0.28185218412696267,0,1,0
0.600680637030439,0.4702231751803647,0,1,0
0.7415028626737825,0.44697987017524776,0,0,0
0.3347919649270301,0.11982054457933677,0,0,0
0.8526453717416296,0.48388100078102114,0,1,0
0.4491760406327783,0.0027962963912316896,1,1,1
0.2746458431325558,-0.12451562507396752,0,0,1
0.8125610325455686,-0.039496984230337207,1,0,0
0.7640143837855842,-0.45409298181449,1,1,0
0.9069438026275514,0.049121848191361894,0,1,0
0.9136597963496993,0.16623244056319741,1,1,0
0.422820627665262,-0.39048002626935097,1,1,1
0.7130902201742559,-0.2444024283038303,0,1,0
0.9992983969375937,0.22118410985081405,0,0,0
0.39504523876885766,0.29359017835886525,1,1,1
0.5783013348468945,0.48586704934444525,1,0,0
0.9281330917124069,-0.24677631410924894,1,0,0
0.28246371322127706,0.341439471664581,1,0,0
0.942599918044956,-0.32789703488583344,0,0,0
0.590524475649421,-0.36912160460135757,0,0,0
0.9144326308576014,0.22920358117562056,0,0,0
0.6970971286615041,-0.05412762855884601,0,0,0
0.7371484376184627,0.29392349834700104,0,0,0
0.8183886011423946,-0.21743520466560418,0,0,0
0.25370887358733446,-0.2868061229003014,0,0,1
0.7022146712317117,0.04879874382305016,1,0,0
0.939149795817487,-0.3846895253290692,1,1,1
0.9648989791679656,-0.22125078600850367,0,0,0
0.9746571552026821,-0.3337629885417114,1,0,0
0.7166663034143497,-0.17995270622755855,1,1,0
0.7066294784998921,0.2654987058515481,0,1,0
0.6419720534218349,-0.3792576627921538,0,0,0
0.6860426873213514,0.11186891917137076,1,0,0
0.6896943443065285,0.08476607048322637,0,0,0
0.23392661481735094,0.038130629167286156,0,0,1
0.2710970287467367,-0.01575239652643845,1,1,1
0.6955332574113995,0.1638606041882662,1,0,0
0.45137314403078826,0.35181065545575607,0,0,0
0.4411403880079206,-0.33796336165115903,1,1,1
0.35475251145197584,0.3141313223715929,1,1,1
0.8408559755472711,-0.43852435565594805,0,0,0
0.971462802976504,-0.01787555015729414,0,1,0
0.7022064025573087,0.011465520890859504,0,0,0
0.9563359164851377,-0.30241416838583746,0,1,0
0.9071073252083102,-0.4103268946434625,1,1,0
0.374341582746425,-0.4250890245380269,0,1,1
0.3228207209414971,-0.462766014956712,1,0,1
0.3692694284228907,0.0735930241189825,0,1,1
0.27696750709245993,-0.3445253894453941,1,0,1
0.666303333589567,0.3087047494299412,1,1,1
0.42612003427005035,0.3989527210333922,1,1,1
0.930333355801144,-0.20759183979988372,0,1,0
0.6907262185817886,-0.33553357002129136,1,1,1
0.4876884446149851,-0.09038812437991717,0,0,1
0.9877125055715053,0.3815702012845593,1,0,0
0.9625555967134962,-0.10018081665876777,0,1,0
0.8228921882473603,-0.39166370398637707,0,1,0
0.833346940351708,0.4846680927625059,1,1,0
0.981816105219592,-0.00032452878072841695,1,1,0
0.6803649781119683,-0.1576285288090883,1,1,0
0.9040158794654836,0.3936207898442049,0,0,0
0.25186217783999254,0.42740349387269294,1,0,0
0.6432500155634578,-0.003195533491343938,1,0,0
0.6020130715746597,-0.19328360620659213,1,0,0
0.23017908977667922,-0.017366180437843326,0,0,0
0.2695615882593065,-0.2807180488298129,0,1,1
0.21747113921349853,-0.02176190206106865,1,0,1
0.4352120035891571,-0.2705688943238954,0,0,1
0.24280898361302114,0.12220276107851091,0,1,0
0.5385277478086412,0.25988918106967995,1,1,0
0.8501971290983341,0.46942778827555487,0,0,0
0.6910638467491862,0.34257046930438373,0,0,0
0.7390319298373078,-0.41386515519344635,0,1,0
0.22520534968770872,-0.28847712005834114,1,0,1
0.8716210882046938,0.03169185787870554,0,1,0
0.3169523035063926,-0.242409005811001,1,0,1
0.4421207008259896,-0.4856347929166994,0,0,1
0.6134351159467092,0.25479094991102047,0,1,0
0.9439947448105268,-0.14222799241242923,0,0,0
0.9985193346987702,-0.43389996758013816,1,1,0
0.826128546897128,0.008836416522636337,0,1,0
0.7834513789819755,0.4772087131483904,0,1,0
0.6221458645696254,0.17853862642276097,0,1,0
0.7325018703993296,-0.34123388675732136,1,1,1
0.315539340342683,0.014295585929697263,0,1,0
0.4153568964598795,0.40172245489348557,0,1,0
0.9877142907976677,-0.4457563330479116,0,0,0
0.9836920185164308,0.1378932007649366,1,0,0
0.45837791573025044,0.2212729897808976,0,0,0
0.3928388580572475,0.20401169931450913,0,0,0
0.38361445985393483,-0.3498295814529152,1,1,1
0.5878915068033597,0.4072785317152614,1,1,1
0.3790132638328845,-0.17772866728692738,1,1,1
0.7187973060405555,-0.4482579766089949,1,1,1
0.2598558490831482,-0.41677906551745136,0,1,1
0.2829417779353814,-0.042422618200301465,1,0,1
0.4215474199486405,-0.4600179979209529,0,1,1
0.8219545867027427,0.2795525177682635,1,1,0
0.4586316312336096,0.365823505970318,1,0,0
0.5766534258270812,-0.48662682497869514,1,0,1
0.7252976368073452,0.31001350332724376,0,0,0
0.830831937578379,0.4812064690993978,1,1,1
0.44568721697972213,-0.46963183889425053,0,1,1
0.7847755289313778,0.22496724461961648,1,1,0
0.4288539234810661,0.499094078797637,1,0,0
0.7155729666932846,0.29711858629395427,1,0,1
0.5607041126357533,0.005357003035137642,1,1,1
0.941302255480482,0.38482297207312466,1,1,0
0.9856747089769018,0.20793242490253583,1,0,0
0.8192984861522337,-0.20754834953960366,1,1,0
0.9323714685147455,-0.27568021792273023,0,1,0
0.3092033936193529,0.012544392704620488,0,1,1
0.7235711660383317,-0.12700947597838963,1,0,1
0.3586943532579266,-0.1705320091919983,1,1,1
0.42157480397795866,-0.32207518327311513,0,0,1
0.6182585929725026,0.3452860031716979,0,0,0
0.7935898152351992,0.2050145006448767,1,0,0
0.7771952593563822,-0.16867853034125657,0,0,0
0.8955674735656347,-0.2623329184148132,0,1,0
0.6474198817012697,-0.37186208699136414,1,0,0
0.9410741227116592,-0.3874870453276471,0,1,0
0.9103108765495946,0.12547818521708987,0,0,0
0.8792459915843924,-0.39118282193307463,1,1,0
0.3836160862434794,0.46021262397696727,0,0,0
0.6251583945497573,-0.22086489838793322,1,1,1
0.7889892776348617,-0.4741951394181684,1,1,1
0.980882006275672,0.35532972384318484,1,0,0
0.20931781898968824,-0.1324126041496998,1,0,1
0.461691627156079,-0.15703411702504033,0,0,0
0.4738802020686788,-0.3813793881836167,0,1,1
0.43082765582548543,0.16042205821890831,0,1,0
0.8539394398103561,-0.14120662841056653,0,0,0
0.23605714931472327,0.3229945295667228,1,0,1
0.4875478000067707,0.13061830363012927,0,0,0
0.7693476866208282,0.3799123525939663,0,0,0
0.5253917752855868,0.12256115798807632,0,1,0
0.3152508669537995,0.2792782297197487,0,0,0
0.68868197820727,0.19653928490472516,0,1,0
0.618088189114895,-0.03740757535933381,0,0,0
0.9854710688926951,0.18867399196055124,0,1,0
0.7988209752969675,0.16361701755834335,1,0,0
0.9889407902765472,-0.49329638007387555,1,0,0
0.34908211289280133,0.19863793872785163,0,1,0
0.809276007422322,-0.23784049817715414,1,1,0
0.6413105757599333,0.041822822000030846,1,1,0
0.7700075993609741,-0.3886676115891451,1,0,0
0.5740411700063115,-0.4769774984276599,1,1,1
0.3699126557703336,-0.48488029122442977,1,1,1
0.23658933077209962,-0.3418054876270641,1,0,1
0.870630605861356,-0.48010749338984837,1,1,1
0.8518466788693275,-0.36760257914898153,1,0,0
0.3300317870290691,0.05917360535897431,1,0,1
0.7161447196350725,-0.09972716842700402,0,1,0
0.7901869604257292,0.48074812259065336,0,1,0
0.6460999963049525,0.3086943602172022,1,1,0
0.45378312247688424,-0.35322424551136955,1,1,1
0.9047567217486352,-0.08321060653894452,1,0,0
0.7139525100331445,-0.06902920343667929,1,0,0
0.7761740096110803,-0.1378832210487143,0,0,0
0.7216916236018656,-0.004410219324463838,0,0,0
0.7770309372680704,0.1698745454454652,1,1,0
0.31605371594755527,0.1408897156596528,0,1,0
0.9380755186490508,-0.14290083586644664,0,0,0
0.42864863836680134,0.2050456231485226,0,0,0
0.8692409784239663,-0.2105146013365674,0,0,0
0.9147073632775313,0.3354678442263802,0,0,0
0.720978885328033,0.4643720432640257,0,0,0
0.6786406096709962,-0.20526334555110481,1,0,0
0.28723856893726485,0.28468855277043126,0,1,0
0.5489769808637026,0.3134258038577272,0,1,0
0.6893155077185134,-0.009236625465121051,1,0,1
0.26549541798621823,-0.41225268834695583,0,0,1
0.2891696091820352,0.2861818900992841,0,0,1
0.9947850040857671,-0.09252176176748017,0,1,0
0.4657873207700757,-0.2919287244982479,1,0,1
0.47978598983293114,0.12665023256077945,1,1,0
0.4012233204799136,-0.06306189431923581,0,0,0
0.7168158155954216,-0.4124275513198179,0,0,0
0.5784607094454375,0.483674629066707,1,0,0
0.8323447658988035,-0.2553381297558547,0,0,0
0.6099958654846295,0.010965055479645547,0,0,0
0.21233278422697258,0.16728826173102374,1,1,1
0.5861499122614365,-0.38491063560130845,0,1,0
0.24414983247581967,0.23941009386075884,1,0,1
0.8614291043851419,0.1482888298391255,0,0,0
0.29092646798776056,-0.006247102693198281,1,0,0
0.37356321197265263,0.028329991668681,0,1,0
0.5679721942358631,0.4547950274403274,1,0,0
0.3561472443203316,0.410897837268964,0,0,0
0.6313759681576252,-0.3880166761287127,0,1,0
0.5685587395573642,-0.1312479469330995,1,1,1
0.9620180887338312,0.016771431769618594,1,1,0
0.27069885065969096,0.4199758459017815,0,0,0
0.6613856386148403,0.31656332945404586,1,1,0
0.776319687715187,-0.11351729700558588,1,0,0
0.3021016072446851,0.38621040551064545,1,0,0
0.7091697022059213,-0.12184220436787663,0,1,0
0.8913912433358611,-0.22880706419569052,0,0,0
0.8300445147425248,0.10989262655759946,1,1,0
0.9481365523432463,-0.14409824518519665,1,1,0
0.7764685573927559,0.12240755992258556,0,1,0
0.515189463737854,-0.09031592495477558,0,0,0
0.9363611076726488,0.295769139626882,1,1,0
0.3802854140918406,0.45431097337391324,0,1,0
0.6669618228200114,-0.2296908211285711,0,0,0
0.8125263560757354,0.010010084244281514,1,1,0
0.8978249335963833,0.2244324353025886,1,1,0
0.9332337048751282,-0.3414809047928503,1,0,0
0.26798051958589053,0.29590614807736837,0,1,0
0.7808473355633561,0.0829719616454273,0,1,0
0.3632834347528124,-0.3502594760879185,0,0,0
0.8232955531894803,0.36822958680408746,1,1,0
0.7605517855468871,-0.0732987404741906,1,1,0
0.3450818868802482,-0.3233806540753512,0,1,1
0.8662641379356228,-0.3046036356613496,1,1,0
0.5694310432148493,0.28550639976632497,1,0,0
0.635084921520835,0.4357161605849783,0,0,0
0.9771230028347735,-0.12175007774585067,0,1,0
0.7253004700154391,-0.4211719246927672,1,1,1
0.6708505160198219,-0.3991769205461426,0,0,0
0.21341021789101414,0.15447850919385098,1,0,1
0.35937186807515165,-0.1292482894103244,1,1,1
0.22125233683995021,-0.07386850265420641,0,1,1
0.46664994057291964,-0.16295262185156112,0,0,1
0.4756066824218591,-0.0344614340104219,0,1,0
0.6242640563134751,0.1435494528800647,1,0,0
0.751814757594014,0.04113916390478589,1,1,0
0.34347613751705053,-0.3357585758485224,0,1,1
0.6813235366477939,-0.008711348056196,0,1,0
0.9335810196231256,-0.03938694089365846,1,0,0
0.3480062849273663,0.04573724805364099,0,0,0
0.7272704242122912,-0.38932996895961614,0,0,0
0.2364713130015259,-0.3464728769572648,1,0,1
0.6249181074328993,0.030244178107946884,1,1,1
0.7932314056846237,-0.22456495745036664,1,1,0
0.2272334249521144,0.12903168871134696,1,0,1
0.4669323129140275,-0.1272486173208398,0,1,1
0.9023655883135915,-0.27926525233456423,1,1,1
0.38038383664003095,0.15639478832732834,0,1,0
0.7782996435165572,-0.10609233035748555,0,1,0
0.6897906191419958,-0.3423875294902754,0,0,0
0.33095013276759594,0.30880897927029005,1,0,1
0.793366011185465,-0.06824128805938556,1,1,1
0.6256647944257582,0.4150703397226435,1,1,0
0.2896206405810266,-0.30659907148459753,0,1,1
0.959497122612216,0.3763502346064732,0,1,0
0.5935696233148273,0.3159099706990691,1,0,1
0.7960646678424026,-0.39608417591176914,1,1,1
0.37416021242058844,0.0316813156503174,0,0,0
0.30974656752348173,0.15368286014644683,1,1,1
0.793045420903935,-0.004517805272745035,1,1,0
0.7390593428467056,-0.1097369158140643,1,1,0
0.419286150163114,0.44384212736370365,0,0,0
0.7970267484125724,0.20082085974221953,0,1,0
0.603993808814802,0.46586987756449094,1,1,0
0.478877805317925,0.34623031085319156,0,0,0
0.8295134539837283,0.31713139821615577,1,1,0
0.6934261980337664,0.22563229030000964,1,1,1
0.6058146927775973,0.1460792421452668,0,0,0
0.8184856774007705,0.3868620911123618,1,0,0
0.6358626878448075,0.11340977266306329,0,1,0
0.9508275463468709,-0.4247115990748084,1,0,0
0.8544445542299819,0.0825635189933015,0,1,0
0.4865500581921576,-0.3971648484132253,1,0,1
0.5719354004370067,0.4493010701224266,1,0,0
0.9658664549563107,0.14666897610128626,0,1,0
0.9161635158351333,0.055646283413356756,1,1,0
0.3529484301074492,-0.30217886726691223,0,0,0
0.41944306625867905,0.015767049874780392,1,1,1
0.49153641548957766,-0.1574689961706578,1,0,1
0.9038792289151232,0.17538616800864093,0,1,0
0.9419338495162115,0.10440979745935719,1,0,0
0.8418721926420794,-0.0006929099929413596,0,1,0
0.4205667568482097,-0.24725899855564915,1,0,1
0.9096518453081852,0.025743130401121528,1,1,0
0.2263049007525588,-0.03830311425477528,1,1,1
0.5382427847124145,0.3512658774623256,1,1,1
0.5021029058653901,0.394337341362785,0,0,0
0.628191684723659,0.2592491541084093,1,1,0
0.648512445787863,-0.18036004338768907,0,0,0
0.3803235894747672,-0.46191048958184633,1,1,1
0.363644562228605,0.42533595924387857,0,1,0
0.8428532734337242,0.49201225165866924,0,0,0
0.2609574382718749,-0.37297923767749197,1,0,1
0.5946288350896364,0.1856160237832024,1,0,0
0.3533171252781432,-0.07485346451027963,0,0,0
0.45565378009678215,-0.35147959516092053,0,1,0
0.42183553533760654,0.498101310965567,1,1,0
0.7668177807577632,0.43322885446177417,0,0,0
0.5648164826356395,0.48260887628271365,0,1,0
0.439553467556883,-0.3561037456298549,0,0,0
0.8650815983841642,-0.008075474677005423,0,0,0
0.2686361130326416,0.39577416332136406,0,1,0
0.8130885163789123,0.17515844577904072,0,1,0
0.3986502063202383,-0.06539819670841629,0,1,0
0.9344153781014262,0.016694240879577715,1,1,0
0.20444726829563908,-0.4613983952989438,0,0,1
0.6453306698874715,0.11151717681429218,0,1,0
0.697811987222075,0.35971551670026203,0,0,0
0.6618402661175203,-0.4972063734587181,1,0,1
0.85201223375921,-0.34003532235227596,0,0,0
0.289731206467049,0.017990122005321574,1,1,1
0.5324448034340674,0.06096432602086577,0,0,0
0.890989418415979,-0.156647654833574,0,1,0
0.9109882308231929,-0.4720655200054592,1,0,0
0.5986755225910124,0.24360009554983886,1,1,0
0.6463735150960639,-0.25707488175485704,0,0,0
0.8111267523919206,0.1445773019008013,0,1,0
0.8236883154389132,0.05914674107764728,1,1,1
0.9104650396046887,-0.06916191754007461,0,1,0
0.8750859193464344,0.09028950327836505,0,0,0
0.5315386502914354,0.1950387439706619,0,1,0
0.7198026611773254,0.07224431794596198,1,0,0
0.5865882062893872,0.05752543210268224,1,0,0
0.2943691731361054,-0.06392225314291333,1,0,1
0.8573447360040503,-0.06996547752788473,1,0,0
0.6814108237604054,-0.009034014970586202,0,0,0
0.24640416304473006,-0.04792208784396024,0,1,1
0.741494623207178,-0.06097541569298581,1,1,0
0.42648082871768145,-0.2896299287895865,1,0,1
0.2554121669733446,0.2248379210555691,0,0,1
0.6852711317469158,-0.3670475310904956,1,1,1
0.7857669233033948,0.408710422668323,1,0,0
0.6138274354571936,0.12484621077215863,1,1,0
0.20451861885607397,-0.4510993208767252,1,1,1
0.6615061895540828,0.1589986997482541,1,1,0
0.20528726025436797,-0.13848573849418278,0,0,1
0.9411266410376944,0.42976484438064533,1,0,0
0.4138441261800416,0.43607548648970795,0,1,0
0.8968052827976194,0.34592838185284647,1,1,0
0.20968743089349645,0.0678489019739521,1,0,1
0.27777320839373626,0.4191776913052113,0,1,1
0.5611266436821256,0.14980818907285876,1,1,1
0.8068859032421354,0.3751290554711104,1,1,0
0.9540493604005094,-0.33994680072885763,1,1,0
0.6168758521347439,0.40418031343120375,0,1,0
0.48436857093327695,0.16159069456546737,0,0,0
0.23564363193374485,-0.19672607686127697,1,0,1
0.6669675773909693,0.4978135271809002,0,1,0
0.504035011598827,0.1868839673544731,1,1,0
0.9273067877400327,0.4084160580207288,0,0,0
0.5840473782720006,-0.4944144790229825,0,0,0
0.8123575865038208,0.05233840954918578,1,0,0
0.8785684225719166,0.21253262357270297,0,1,0
0.27862208934220345,-0.4862631108812886,1,1,1
0.5526770462049959,0.2625592251228497,1,0,0
0.9149739448098497,0.1514481931676469,0,0,0
0.5395642386557533,-0.22524034640730362,1,0,1
0.6521234215739083,0.1889449463477486,1,0,0
0.8984831578390782,-0.36909896100305617,1,0,0
0.38607486935183416,0.32403719876880654,1,0,1
0.9156653302587707,0.36622511725850404,1,0,0
0.5176227369516924,-0.014523069721502746,0,1,0
0.6744266629272522,0.007442167948321532,0,1,0
0.4624315856526826,-0.09794563913364851,0,0,0
0.6216952430076721,-0.15466601479620012,0,1,0
0.23942864241800202,0.3728982788534476,0,1,0
0.2522079801910107,-0.19512682421246041,1,0,1
0.5317782095500685,-0.09714998814560827,1,0,1
0.4679615387468628,-0.20008370355548766,0,0,0
0.6926334482200867,0.15671276079272645,1,1,0
0.230328133635045,0.3142183311115826,1,1,1
0.33413493578951303,-0.3356641730558587,1,1,1
0.36767351530063375,-0.24525748410476822,0,0,1
0.5523934148238403,-0.3958922914712558,0,0,1
0.3974678099031622,-0.33981604297310786,0,0,0
0.31013014864618454,-0.09311837554428481,0,0,1
0.6780589390259504,0.2758762897091389,1,0,0
0.7950975822425776,0.04161793496891486,1,0,0
0.7482144534377775,-0.4467237221128366,1,1,0
0.42094407618201696,0.12508674968397826,1,0,0
0.8835558690935712,0.29530416888832,1,1,0
0.6894577435419218,-0.10653219842343697,1,0,0
0.6917333608059391,-0.2549873986278335,0,0,0
0.37027876137316584,0.2639377281970877,0,0,1
0.39377030986892286,-0.4760937610390745,1,1,1
0.5798001739504839,0.3155910244157336,1,1,0
0.3902568248324676,0.30425958154419985,0,1,0
0.7504621891883012,0.3879859306942076,1,1,0
0.44684360980460663,-0.41052005937637537,1,1,1
0.32153292316907933,-0.3922415180953751,0,1,1
0.321291083018778,0.3727528239271435,1,1,1
0.30178222296892854,-0.02473723283780116,0,1,1
0.5518000631730995,-0.10766149258913504,0,1,0
0.202432029078098,0.07329356513036578,1,0,1
0.6338978306420247,-0.44141692984355996,1,1,1
0.43864233833564037,0.14371616989608083,0,1,0
0.6419830647681717,0.445083153589398,1,1,0
0.9483403307532667,0.1757198941670518,1,0,0
0.895238088146787,-0.03546488769081646,1,0,0
0.6611438719507645,0.46088098861148863,0,0,0
0.5344562501109801,0.18851641390341345,1,1,1
0.7586901368660053,-0.4430395642899335,1,0,1
0.938511466099617,0.17004653181313156,0,1,0
0.5916376543516397,-0.4403041372470574,1,0,1
0.27944617926825494,-0.192770117210032,1,0,1
0.8128705603391921,0.11568348040271736,0,1,0
0.20838332311550734,-0.28438398381313656,0,0,1
0.811710783712539,-0.4618108154057009,0,0,0
0.267933283109256,0.11795368877988688,0,0,0
0.2852932594930295,-0.21414271711698896,0,0,1
0.8253654960092209,0.03296422433919821,1,0,0
0.7516173639163244,-0.2388544210953789,0,1,0
0.6495225034693104,0.18642884692881223,0,0,0
0.8564681541681549,0.39570139115970404,1,1,0
0.8810948085950108,-0.41343519720435806,1,0,0
0.5660098045250295,0.2863186854547586,0,0,0
0.99703894964363,-0.34390494487965095,0,0,0
0.48606395171128586,-0.17059021282068887,0,0,0
0.3372062132966386,-0.1426347041750432,0,1,1
0.8767811544959134,-0.2936900109817391,0,1,0
0.5324562236474641,-0.4247656591369625,0,0,0
0.8995997209828914,0.26848648026281285,1,0,0
0.24893307559232325,0.29362753927327556,0,0,0
0.28884168920531333,0.4968332903780237,1,1,1
0.23221812897916996,0.4346042489953271,0,0,0
0.6816087682419281,-0.0653575766151776,0,1,0
0.8654913448931998,-0.3666119854582267,0,0,0
0.5221286268869374,-0.4892999919804748,0,0,0
0.272556359736819,0.03151753849715022,0,0,0
0.4987750619447628,0.3605664108328479,0,0,0
0.47843690587178395,-0.23209626041947962,0,1,1
0.7147775398112919,-0.30105863201193084,1,1,1
0.721721303037067,-0.061046628229177724,0,0,0
0.2824189738010825,0.3935328009522343,1,1,1
0.5361414220204219,-0.04832616822955538,0,0,0
0.7140116214550123,0.22271290599771443,0,1,0
0.4070889673520278,-0.03747378982530669,0,1,0
0.5256642292227821,-0.1270411185570558,0,1,1
0.6909559453160151,-0.05908794550385754,0,1,0
0.5222965609959216,0.2684005326733794,0,0,0
0.2246887772524543,0.2544060558780097,0,0,0
0.3780927963436047,-0.06824182138459967,0,1,1
0.8208647315724191,-0.2323825745713345,0,0,0
0.39880326300002455,-0.36087296091625476,1,1,1
0.8541691568516914,-0.4986303056247683,0,1,0
0.5735262605614591,-0.3867424169267103,1,0,1
0.5783369097578224,-0.335344734808102,0,0,0
0.8164129722651023,0.18993779098108865,0,1,0
0.5066348104127161,0.3179158769287559,1,0,1
0.3907844737218968,0.23694566623120894,0,1,1
0.28402590137394657,0.2232327672023553,0,1,0
0.7375279009350144,0.4943206147241189,0,0,0
0.5759540318343067,0.4625977393209906,0,1,0
0.8475255045601016,-0.2311528048707634,1,0,0
0.5661397668594451,-0.3548992504516433,1,1,1
0.5318485400918727,-0.3467017620643118,0,1,0
0.43908166725978987,0.39560667071128275,0,0,0
0.35954229835228624,-0.3976531520442158,1,1,1
0.8643495557187717,-0.1598558311185796,0,1,0
0.2761690967574131,0.03034652842107244,1,1,1
0.9217021786813167,0.11345050368318754,1,1,0
0.2215273209898804,0.09573263781487473,1,0,1
0.6178018681857669,0.2864077221399248,1,1,0
0.24666284972086744,0.07169326354276695,0,1,1
0.8236856970477064,0.35104653933142727,1,0,0
0.3691972192472907,-0.4153697759278152,1,1,1
0.6527380609892284,0.358965453560144,1,0,0
0.9331568820727556,0.09000316077700354,1,1,0
0.7194071484899409,-0.2770674341496495,1,0,0
0.34265597197913233,0.4777431886978666,0,0,0
0.8373422150039207,0.4397342737288298,1,1,0
0.5531836854466794,0.34572582167371146,1,0,0
0.21054139067420535,0.4115961356134713,0,0,1
0.589411976086268,-0.11785827895469347,1,1,1
0.8499877418106723,-0.27219512755041053,1,0,0
0.5439661046668904,-0.3170961383407681,0,1,0
0.806742440383994,0.3737599685109173,1,0,0
0.7644207076275242,0.3266313489010867,1,0,0
0.5655298538706278,0.48093838333493744,0,0,0
0.45862606802035794,0.348252101454097,0,1,0
0.7812320012497251,0.13236591392649022,0,1,0
0.49513473419069237,-0.35771824912844996,0,0,0
0.33606968538292137,-0.3351524616457696,1,0,1
0.45669044922238355,-0.026300473203624275,1,0,1
0.9014713543424386,0.2677955311443656,1,0,0
0.4267112897099085,-0.3267246098222478,0,1,1
0.3879684278757889,0.41551750792885256,1,1,1
0.30673605658444975,0.1837907304868559,0,1,1
0.24414227565417923,-0.18769090955358048,0,1,1
0.9813538833597053,0.3857595921605502,1,1,0
0.6294214618084883,0.09863036818094073,1,1,0
0.783715568496558,0.23315848202512646,0,1,0
0.8183787574949641,-0.1145577937444423,0,1,0
0.48185359577637804,-0.10644946068667249,1,0,1
0.8391247281289769,-0.4873824295185296,1,0,1
0.969187395536039,0.03790202275500931,1,0,0
0.7934094801924274,0.2607968058338668,0,0,0
0.7693865013302232,0.4688245135866038,0,0,0
0.5457870292656161,0.39222683670823755,0,0,0
0.8730561006470359,-0.41300890864724504,0,0,0
0.27106990009867976,0.48052012035680847,0,1,0
0.7997469697935589,-0.35051931099914946,1,1,0
0.48959483371428575,-0.458885701607917,0,1,0
0.6527791326382331,0.24892983546822534,0,0,0
0.9143710159176217,0.40588645032915127,0,0,0
0.6840156479635802,0.44978290602518967,1,0,0
0.22046522428997292,0.324976107766212,1,1,1
0.778083876418477,-0.29509378428861954,1,1,0
0.9432196049629116,-0.34599708550558894,0,1,0
0.7136095562484475,-0.44103152242854715,0,1,1
0.8891360619676589,0.08196907989412316,1,1,0
0.8602366042735474,-0.012778823836958941,0,0,0
0.88903382638717,-0.3907163915636285,1,0,0
0.4752803221538199,-0.0351728813284371,0,0,0
0.5793308216869449,0.06732359053448711,0,0,0
0.8784268040237853,0.22295464351049843,0,0,0
0.9283188599451642,-0.08580242996657927,1,1,0
0.31747319940779717,-0.18164755292156032,1,0,1
0.3452259036731872,0.1656791981541298,1,1,1
0.4774636800439475,0.18422364304554528,1,1,0
0.8162382625434865,-0.2295714433301813,1,1,0
0.899984925806316,-0.4801769177628733,0,0,0
0.6641921131226762,0.4456905697425194,1,1,0
0.2906145403145848,0.2552864064591722,0,0,0
0.4429985839737328,-0.29889566553664604,1,0,0
0.8856184051821054,0.06566565099386501,1,1,0
0.47804398261601194,0.09494753067606942,1,1,1
0.2822457944715166,-0.3740113680043208,0,0,0
0.4416547728904626,-0.3083429126604418,0,0,0
0.8453650818398468,0.4567065164637879,1,0,0
0.5947836264153139,0.008010860020897681,0,0,0
0.33725822043995307,-0.30855778060652395,1,0,1
0.45010589806395046,0.29757475409400846,1,0,0
0.9628650237388852,-0.029426697466527263,1,0,0
0.5455659904789012,0.13841208327269372,0,0,0
0.5532794038448745,-0.2024984663614211,0,0,0
0.32245568163537064,-0.4420959017437195,1,0,1
0.44364344369142783,-0.33505577643595574,0,1,0
0.8517489063520371,0.473036903145985,0,1,0
0.8289591795226106,0.12358843582821544,0,0,0
0.5483990391544387,0.33108519857440555,0,1,0
0.9149218097256997,-0.4784804420761808,1,1,0
0.5042071336502578,0.2654625011543671,1,0,0
0.8914636638575473,-0.015047933458136153,0,0,0
0.22525244046776216,0.1653078768711973,0,0,0
0.47778423218376864,-0.14179495965922517,0,1,0
0.8840547824158682,0.12086882681889033,0,0,0
0.9210476491794626,-0.464380232212242,0,0,0
0.8051392329763061,-0.4544112874632892,1,0,0
0.7358926535165606,0.2988364099051478,1,1,0
0.8524039275698394,-0.3755347321995598,1,0,0
0.7660465505777034,-0.48601606541386344,0,1,0
0.4033767635721427,0.41245648963665327,1,1,1
0.5729895205558913,-0.2344682372564626,0,0,0
0.7285639983089276,0.08238216329643833,0,1,0
0.6702422056946435,0.3389169705385048,1,0,0
0.9080780856984483,0.24590707942542867,1,1,0
0.5790757123102628,-0.4533721791890667,1,1,1
0.34238990241856504,0.0609487008588433,1,1,1
0.37166562993030533,0.041797867095439645,1,1,1
0.8768452470874326,-0.1499198217895379,1,1,0
0.20697676337848964,0.25356298136835154,0,1,1
0.895304289597467,0.4640056579755196,0,0,0
0.24447046848318782,-0.352813346064086,0,0,0
0.5133267744715244,-0.3547759962556378,0,0,0
0.8401409819565033,0.23473601946086908,0,0,0
0.5260923014579193,-0.045583589833721794,1,0,0
0.8578785496432422,0.29521893057971604,0,0,0
0.28023906762062656,-0.3589223903529294,1,0,1
0.6092337811481492,-0.4601424558577899,1,1,0
0.6659792143992074,0.19793407485164105,0,1,0
0.912694877789793,0.49471105295411033,0,1,0
0.2748971250713547,-0.40520178970429943,1,0,1
0.4708805482263981,0.36433788945046985,0,1,0
0.7274784759174708,-0.11471025922658529,1,0,0
0.9839440654880622,-0.48321045470689283,1,0,0
0.8786194591662855,0.010021792971210752,0,0,0
0.8771960493567117,-0.2211457928751801,0,1,0
0.6137460235398305,0.19340314152018023,1,0,0
0.6514392976691986,-0.21216937756490806,1,0,0
0.8868640752645216,-0.018299876566953865,0,1,0
0.8957004690054078,-0.29943474865581077,1,1,0
0.8418196523776895,0.32810175804356034,1,0,0
0.8548570201476606,0.425431461868108,0,1,0
0.9037038872007057,-0.09666424578353616,1,1,0
0.2910255448735439,-0.05111996743201752,0,1,1
0.4341115015239767,0.48268367321153194,1,0,0
0.980890827162886,-0.3578845232753366,1,0,0
0.6358209279711962,0.30861951459003867,1,0,0
0.3411710880333536,0.06727860585024126,0,1,0
0.6024445065596218,0.38073442090418796,1,0,0
0.7166273402428731,-0.20757145517308806,0,0,0
0.862577587150126,-0.2038420337796567,0,1,0
0.8497413808187744,-0.17418005194459296,1,1,0
0.23939319466593334,-0.4833689176770446,1,0,1
0.5628199895779267,-0.33010710092194173,0,1,0
0.2164552449496065,0.4945866411198251,1,1,1
0.9105248989330006,-0.25105142621606746,1,1,1
0.3391248604149,-0.4800829022393609,0,0,1
0.6998997561341108,-0.22145968596150434,0,1,0
0.6564946970243202,-0.09160983201541328,1,1,0
0.7004235477142926,0.04778727928238358,1,0,0
0.6507332982651264,-0.43143398013457357,0,1,0
0.772470941893286,0.29042891970476603,1,0,0
0.7008879728185333,0.3255012681970576,1,1,0
0.27224019741665145,-0.28683942112829863,1,0,1
0.4934143608059522,0.29841818823497857,1,0,1
0.6372747487477215,-0.1385730925587434,1,0,0
0.4601579407185417,-0.07688982211736561,1,0,1
0.8082647078455072,0.4363882543140165,1,1,0
0.4543181720439935,0.39190439096001717,1,1,0
0.8629473394424316,-0.12488928680951095,1,0,0
0.317386976785187,-0.011889694277397389,0,1,1
0.8155140519886999,-0.2134762119670075,0,0,0
0.3467723526281511,0.015434258348661745,1,0,0
0.6224122243297299,0.18190790283494307,1,1,0
0.45641949837113815,-0.4073323027243685,1,0,1
0.7098675487816317,0.4198411261756897,1,1,0
0.37019232787327794,0.21887396814467985,0,0,0
0.8363277866815142,-0.40324731683842785,1,0,0
0.6588670930931522,0.3689889919788425,0,0,0
0.9658185232741394,0.2436828662428322,0,1,0
0.769416263132636,-0.1868731831672512,1,0,0
0.6859164316026007,0.021433088297877934,1,1,0
0.863326952357073,0.3601306591896659,1,0,0
0.3757460542094213,0.4681256230902787,0,1,0
0.7061939686915659,-0.21892260405236763,0,0,0
0.5123230796758813,0.15055818232732454,1,0,0
0.7950327833171507,0.3602469239927607,0,1,0
0.2195755275930127,0.48816684884294503,1,1,1
0.5421696772215313,-0.42928151135368786,0,1,0
0.7213615214663354,0.00362196582082841,0,0,0
0.5685114691537283,0.37366576183948197,1,1,1
0.39037727657100074,-0.4968418757004718,1,0,1
0.5714794013435487,-0.06276478039455691,0,1,0
0.8797956203916211,0.0841987241196327,1,0,0
0.3654712138385057,0.026490308556614273,0,1,0
0.4937377309037146,0.2327726863342482,1,0,0
0.9922684172001022,-0.434477913046019,1,0,0
0.9302537351123594,0.28541672358584314,1,0,0
0.22717467370132455,-0.21682946386651658,0,1,1
0.6242655740816115,0.3242293865239556,0,1,0
0.25233042147830687,-0.08051207322074105,1,0,1
0.9391239389261687,-0.4570814081970036,1,1,0
0.5532359301480247,0.46391476567138135,0,0,0
0.5347496031424013,0.2805492904970468,1,1,1
0.41835682547144853,-0.15218396771765064,0,1,0
0.6550551843137231,-0.22997263178163685,0,1,0
0.31599897839471425,0.08896372845005418,1,0,1
0.8391640004284378,0.48729460282391124,0,1,0
0.592968275877267,-0.2098331758202523,1,1,1
0.6531703130513284,0.44827111674615283,1,1,0
0.8726437981236164,-0.16961288038141098,1,1,0
0.34811901910795917,0.20409776525779988,0,1,1
0.34014645867369253,-0.11826564220796021,0,0,0
0.536641338295877,-0.41494777599135124,0,1,0
0.8289025929556806,0.4361893656132889,0,0,0
0.2468364428161169,-0.3360720052834041,1,0,1
0.8361361631189965,0.4446914679975986,0,1,0
0.6006052748734478,-0.396693174071145,0,1,0
0.6494107599585797,-0.2330525550435012,1,1,0
0.6515087506233386,0.4209234986945555,1,0,0
0.2449339111661762,0.15854086290757308,0,1,1
0.39981663817451585,-0.3105165641583044,0,1,1
0.8042379612117583,0.09209331145528155,1,0,0
0.529814495591427,-0.319608791964446,1,1,1
0.6484135858014834,0.3744420676703418,1,1,0
0.9558948976212378,-0.45017139266147743,0,0,0
0.237017414653889,0.02977769777749839,0,0,1
0.5597442925390559,-0.43652697417053743,0,0,0
0.4890193062783185,0.19502275106762523,0,0,0
0.285159540955793,0.4357972351936673,0,0,0
0.9606354790078384,0.33106644967165344,0,1,0
0.9691676717988347,-0.12827217484736486,1,0,0
0.44919052335152554,-0.2630950945202408,1,0,1
0.9573732885512631,-0.37897250761311696,1,0,0
0.2281388853794285,0.373623987382533,1,0,1
0.9847167922689617,-0.4188908709525876,0,1,0
0.8687456131269315,0.12882919157776662,1,0,0
0.37146417664897113,-0.13273253050329303,0,1,1
0.6796377231476708,0.4957783183709641,1,1,0
0.8386394898954423,0.008823313518344977,1,0,0
0.45543917120622324,0.048790949703411024,0,1,0
0.4830014336742637,0.41788878501485116,0,0,0
0.7031782204743413,0.46963690325082263,0,1,0
0.3176752407467503,0.0836364610945396,0,0,0
0.2945684877779269,0.29618207474235003,0,0,0
0.39984422249553947,0.13476674910844644,0,1,0
0.7930077962776252,-0.07259953600638136,1,0,0
0.4932793811292453,-0.44268464272530317,0,1,1
0.6058865773214355,0.21774387354178337,1,1,0
0.35636044544602613,0.20026277236064915,0,0,0
0.3552845338796575,-0.3832976933112747,1,0,1
0.7203610073878479,-0.26993112504363426,1,0,0
0.28670020149476305,0.2321281868747055,1,0,0
0.734272581773125,-0.3502880224054602,0,0,0
0.520561481879125,0.19093503443273674,0,0,0
0.7370167308941005,0.21797719120487746,0,1,0
0.5053835816123909,-0.14665614406007388,1,1,0
0.8768417469195986,-0.24181815022057296,1,1,0
0.24444493537252338,-0.12696058889638684,1,1,1
0.9146378494497416,-0.140803378607106,1,0,0
0.41492894179047624,0.10701980570458236,0,0,0
0.23403376797238531,0.24384829971886346,0,1,1
0.649923537505746,0.3617526348503638,0,0,0
0.3794833843048771,-0.47000771599788593,0,0,0
0.5673624985472958,0.2265515573693695,1,1,0
0.8418513648496828,-0.18581398171083974,0,1,0
0.8332374085985215,0.33864201071047184,1,1,0
0.6803084930267318,-0.4242830402589888,0,0,0
0.9822975269261178,0.05117451017306651,0,0,0
0.5710008761967975,0.04867358975401337,0,1,0
0.23151071228385067,-0.1734885378247717,1,0,1
0.855540119848379,0.4703065973533652,1,0,0
0.3770350960454886,-0.39307684883131244,1,1,1
0.34099104719761963,-0.3636027664650777,1,1,1
0.2560079375731933,0.14425959818827516,1,1,0
0.4623199549109111,0.014299224643653186,0,0,0
0.46092717364335034,-0.2355328714479532,0,1,0
0.4422172255731619,-0.19572820354255815,0,1,1
0.6745543518149419,-0.3429766912911807,0,1,0
0.8012337354624848,0.3677641389118732,0,1,0
0.9502133749178714,0.0695188731396904,1,1,0
0.27524006294411807,-0.25516542384616836,0,1,1
0.32030546599051757,-0.10657924229065718,0,0,1
0.6718740084196538,0.4066850543048831,0,0,0
0.2785084751018083,0.38684116165306304,0,0,0
0.49661142769541033,-0.4308933088867922,1,1,1
0.6996417844368296,0.15410013827970293,1,0,0
0.8244360256310894,-0.3470288290302762,1,1,1
0.3740794299664253,-0.28911663445174285,0,1,1
0.7343884512776095,0.3642075922464163,1,1,0
0.7166957326777708,0.395190317475958,0,0,0
0.8876929010066517,-0.41730808410605147,0,1,0
0.45099799661119233,0.37392332947869367,1,0,0
0.8000734919105412,0.2284935528432246,1,1,0
0.8015998915531957,0.27571036326669907,0,0,0
0.39135563359300596,0.29181532764581053,0,0,0
0.696926270206742,0.007233271737995484,1,1,0
0.7401296701347715,0.4469076429882016,0,0,0
0.41954273009781906,-0.29964039601940473,0,1,1
0.5614399962917114,0.004965107517542977,1,0,0
0.5486221818051944,-0.18144742011159543,0,0,0
0.818807654696829,0.32243124280250746,0,0,0
0.2005530047309949,-0.4172992878712226,0,0,1
0.6008212891653546,-0.06632151307573209,0,1,0
0.34747265085104917,0.2734776562453295,0,1,0
0.7174735744443472,-0.18765908844226054,1,0,0
0.7442950903767598,-0.25952371572955124,0,0,0
0.6009012069548666,-0.23745084520510384,0,1,0
0.6336236334275283,0.21359010740654527,1,1,0
0.45204655124413495,-0.21321732416116912,0,0,1
0.45065814344029714,-0.09731645453702009,1,0,1
0.7960936478802885,0.04566808743917772,0,0,0
0.30538509394105584,0.4407600789466919,0,1,1
0.8172026517546345,0.29434755988692896,1,1,0
0.7240105452815404,-0.31471833577598274,0,0,0
0.9075797477243985,0.3830842325344357,0,0,0
0.40811575375983805,0.34476743318520353,1,1,0
0.6049432414529632,0.2452245195548688,0,0,0
0.23119160922338555,0.016905974771944776,0,0,0
0.9300052600438282,-0.4301850447426888,0,0,0
0.7403131685433266,0.21150524138916593,0,0,0
0.6983001992571534,0.018342170422826487,0,0,0
0.7861513607892825,-0.19022507418204404,0,1,1
0.4274630854074916,-0.49006199998172617,0,0,0
0.6830882150017874,-0.26895101922365117,0,1,0
0.8407375283241962,0.10569017757939225,0,1,0
0.2722355557632514,-0.3876934136680438,1,1,1
0.9670535114322394,0.1554187066117123,1,1,0
0.9135094420010543,0.3196720888220118,0,1,0
0.9704150671249714,-0.1818216592637485,0,1,0
0.8466788072252835,-0.41801446054503577,1,1,0
0.43544887395145626,-0.36030120957378153,0,0,0
0.6652443741077235,-0.14209106746509503,0,1,0
0.29612993779071894,0.3134342527584275,1,1,1
0.8033333853328448,0.13427871971275518,0,0,0
0.322911732794251,0.367887648096185,0,0,0
0.8934591479393856,0.4944271126311246,1,1,0
0.39244556201024905,-0.2974337971008406,0,0,0
0.328329525826342,0.1948214362367935,0,0,0
0.256723490952778,-0.03348329993706334,0,1,1
0.7690921024406492,-0.0065219390531796595,1,0,0
0.3489630215240187,-0.17441859643919555,1,0,1
0.35813424964937596,-0.15748778500058946,1,1,1
0.3357572830902227,0.17628194839776745,0,0,0
0.4446360979747954,0.12080291719601666,1,0,0
0.9529691473027151,-0.18149642937256705,0,0,0
0.5892973423394576,-0.38141908118091417,0,0,0
0.4087023514446134,0.07824128730820246,1,0,0
0.3363126077635671,0.23939634496488538,0,0,0
0.21512113576435044,0.05862179021450975,0,1,0
0.491994117654678,-0.4963493265433587,0,1,1
0.2880491793808657,-0.2176844875261973,1,0,1
0.22160959653533008,0.2785793396350118,1,1,1
0.2823837647486664,0.24254820527673826,1,0,1
0.4548172131139251,-0.48958974745850725,1,0,1
0.8006909611506308,-0.0297037672398216,0,0,0
0.25358900093482106,-0.06268182734965999,0,0,0
0.7429391390052658,0.15228137629094196,1,1,0
0.6964340230409971,-0.37501995993500226,0,0,0
0.9055921643734304,0.12141523288226996,1,0,0
0.34718960677764726,0.44691802016105076,0,0,0
0.8354141645431794,-0.12825046538475005,0,0,0
0.8918921736384602,-0.1626435823402419,0,0,0
0.9811873053213895,-0.471726485628122,1,1,0
0.8468394864153266,-0.4426049410445685,0,0,0
0.29901456065534693,0.4315724469297185,0,0,0
0.9577032081307446,0.4755018465386892,1,1,0
0.8519936422430272,-0.49435829956341326,1,0,0
0.3698601475637416,0.40067968634316475,1,1,1
0.3321579204370362,-0.3260399693191791,1,0,1
0.9491313203203051,0.06135871865642961,0,0,0
0.3245589008847028,0.17814092352874933,1,1,1
0.8216827083272695,-0.14094128943942086,0,0,0
0.5242074034105266,0.02898809177071715,1,0,1
0.779044212394207,0.12754218815530527,0,0,0
0.273481104133319,-0.3060737006152062,1,1,1
0.7800466301907754,0.4942566215856822,0,0,0
0.6095291018552644,-0.296118164414514,0,1,0
0.9203027082710782,-0.4896615353133813,1,0,0
0.35071873379516516,0.444284592104748,1,1,1
0.2874848623800012,-0.07087229913585691,0,1,1
0.35697623878789264,-0.10138028107352148,0,1,0
0.262860293799504,-0.22432868153367658,1,1,1
0.9841204326893951,-0.47416807320883236,1,1,0
0.2982853007290233,-0.23543180661984886,1,0,1
0.3606807564757551,-0.1066996574340181,0,0,0
0.8477485978211114,0.02032924886672227,0,0,0
0.3974035165614293,-0.04235577987801764,1,0,1
0.3778346721524303,0.3790362077040228,1,1,1
0.7378478243261475,0.4113298619301491,1,0,0
0.5190121843518631,-0.18284507818428497,1,1,1
0.86838332304025,0.4595545938754595,0,1,0
0.710615476530077,0.3649341721203545,1,0,0
0.43057177366758154,0.42763481653474955,0,0,0
0.6783386204957571,0.20633088238779707,0,1,0
0.8931692972383141,-0.3017281566744585,1,0,0
0.4915863684419695,-0.30477220734222554,1,0,1
0.7891765772193868,0.40865156308394324,1,0,0
0.532666384301723,0.007045459934443277,0,1,0
0.6344587182227999,0.3904673071537378,1,0,0
0.7869600222385895,0.22054787918931695,0,0,0
0.2484218970478751,-0.2874876956649324,0,0,1
0.563959617873353,-0.11524017993704627,1,1,1
0.2761708127940956,0.4678252150225083,1,1,1
0.7800044355776745,-0.48041723855649565,0,0,0
0.6862450121481112,0.2145838630927439,0,0,0
0.46154372831142276,0.47877969707520596,0,1,0
0.26102521071426843,-0.39585305407637206,1,0,1
0.9406419696239343,-0.22800714505312136,0,1,0
0.45200297643812964,0.04701312068119101,0,0,0
0.4203014219173922,0.3437649277466992,0,1,0
0.28080397673406693,0.006511869837728224,1,1,1
0.6618825672772644,-0.44040395300542834,0,1,0
0.4125227643116908,-0.3728156766688465,0,1,1
0.8742824657694224,-0.1240566311674356,0,0,0
0.7462134269014524,-0.17745932623945104,0,1,0
0.20313192464752536,-0.2803213688207886,1,1,1
0.6525396893328228,0.34012873618579065,1,1,0
0.38546774145578333,-0.4731183162512643,1,0,1
0.21229369602223996,0.3293442477770777,0,1,0
0.6954937303899567,0.42168017364576316,0,1,0
0.3639314881643414,0.13011102455106416,1,1,1
0.9197086479625833,0.1253503985877641,1,0,0
0.6587045927626693,-0.35098228701451817,1,0,0
0.367348087776029,0.06831773821083187,1,0,0
0.9833019517497932,-0.1248256060619376,0,1,0
0.6371532532888924,-0.27095023847980426,1,0,1
0.3323777377011002,0.08332955585553137,1,1,1
0.6137937361352592,-0.49880953293765373,1,1,1
0.9674792465784794,-0.22358720845784152,0,1,0
0.539368184673775,0.15604202428843772,1,1,0
0.5402764095157904,-0.04495938949265821,0,1,0
0.5689013777798388,-0.35435945949555114,0,0,0
0.42408284092359105,-0.4986818882500422,1,0,1
0.32942689043492124,-0.2295606859300342,1,1,1
0.6631421626947411,0.04905930595512764,1,1,1
0.9153601573740413,0.0345455651136255,1,0,0
0.7885837935211357,-0.3689281006280801,1,1,1
0.27694992611004116,0.11369714301668699,1,0,1
0.5206791808443425,0.49892437822507496,0,0,0
0.20423670392440166,0.08486690626110327,0,0,1
0.44635230870966114,0.02763817570925442,0,0,0
0.7355012740912688,0.12263312359291634,1,1,0
0.4321874267928082,0.37967089026073286,1,1,1
0.8724466552761332,0.4459993446956352,1,1,0
0.5819073708325693,-0.4589664842473412,0,0,0
0.7353345302719541,-0.2950061970848462,0,1,0
0.9070921786251869,-0.3842359359940357,0,1,0
0.7462482469195382,0.2723537857026399,1,0,0
0.9178609634283783,-0.4544371410480541,0,1,0
0.8464522847402431,0.40263494699113056,1,0,0
0.6536513963155124,-0.4794446350968692,0,0,0
0.4377864800139795,0.1025468129491236,1,1,1
0.4385139237210849,-0.22442380601973289,1,1,1
0.9002648718866848,-0.029436475058939093,0,0,0
0.24310738379080146,-0.05811408599511747,1,0,0
0.9531494784774592,0.24889327072398293,1,1,0
0.4616478401537421,-0.0033578989400817605,1,0,1
0.7910968478507243,-0.07877916987344913,1,1,0
0.46402380210995864,0.2302771025843543,1,0,0
0.9626411113865285,0.4258069193048556,0,0,0
0.22917922412538064,0.29392240152356663,0,0,0
0.4826551013122532,0.23671703150255397,1,0,0
0.8939688376217954,-0.01227791886434848,1,1,0
0.41924523130957897,0.40021579828133125,0,1,0
0.42049558127462067,-0.0136865425783117,1,1,1
0.9190014528548931,0.43028578531553663,1,1,0
0.8644658025380685,0.30292226242161,1,0,0
0.2846169562371114,-0.3497397643898704,1,1,1
0.6641439278954773,-0.4530078272726479,1,1,1
0.3787161506719405,0.24085568686606562,1,1,1
0.37211061741188645,0.18583916160033842,0,1,1
0.69232318952285,0.10208887958197566,1,0,0
0.2990929313320101,0.47623928001734617,0,0,0
0.5758232008023808,0.045403047771961025,0,1,0
0.40465738741030405,-0.152100132898637,1,0,1
0.883137978061886,0.06496585082257922,1,1,0
0.6435953858945056,-0.47158824749454376,0,1,1
0.3720870650092922,0.07926423457029985,0,1,1
0.9411725221774443,0.4024302050410231,0,0,0
0.8583172243254014,-0.49566993148185967,1,0,0
0.41223378429273094,0.34530381217811656,0,0,0
0.9688407262432894,0.30192889409911317,0,1,0
0.4141911337136369,-0.39389687020391473,1,1,1
0.43411449763758114,0.34683049312171743,1,0,0
0.5087706834438223,0.26354526573340953,0,0,0
0.331844176363654,-0.00895354244015456,1,0,0
0.7496129109702143,-0.2547860616002269,1,1,0
0.6458698606622351,-0.21189958415214782,0,1,0
0.9155699852415387,0.11227492547199025,1,0,0
0.39270018051722655,-0.25369600062450337,0,1,1
0.3361847092793595,-0.17464432432603172,0,0,0
0.4868987141436238,0.4308384311503073,0,1,0
0.316886946806471,0.2293286165062528,0,0,0
0.9569208225332881,0.23607404971698098,0,1,0
0.7739573574955267,0.4559364221216793,0,1,0
0.8369533237193307,-0.49420598019687356,0,0,0
0.7984348986976706,-0.2555141566273489,0,1,0
0.39425533981814953,0.15797396296039523,1,1,1
0.31252531041618925,-0.061728466062858645,0,0,0
0.5435468664075591,-0.38719505186762926,1,1,1
0.863215297419585,0.2812336860716613,0,0,0
0.4644122628806148,-0.45292746592007327,1,1,1
0.20765035378265148,0.04385111218948812,0,1,0
0.7280485616971764,0.06246433154251707,0,1,0
0.36005045668253133,0.13596131961065383,0,1,0
0.6342681299133119,-0.18437369727818698,0,1,0
0.21190404002049512,-0.4763990587681878,1,0,1
0.6070798844972618,0.38898328608068233,0,1,0
0.5148867886137678,0.42920479482845586,0,0,0
0.9043295895861603,-0.01801127309593431,1,0,0
0.7774510395552241,-0.47935964651847174,1,1,1
0.22882252392231647,0.08087116022344898,1,1,1
0.8316179173110616,-0.1840701483370788,1,1,0
0.8329819635005287,-0.3175144231663032,1,0,0
0.7307276386664918,-0.3310473436187946,0,0,0
0.9434373887229295,-0.32074455966683246,0,0,0
0.8426028221329089,-0.16915899942068824,1,1,0
0.37511893168156346,-0.21937978430732596,1,1,1
0.505236708019458,0.33642483245318955,1,1,0
0.47993857794909855,-0.004685292609975744,1,1,1
0.6039262531515229,-0.07235250753495182,1,1,0
0.9629708961581083,-0.3541664428855317,0,1,0
0.6924786947582495,0.3758907931211639,1,1,0
0.45035124753610306,-0.44517779420621095,1,0,0
0.9532141907083509,-0.2604686411255197,0,0,0
0.7602171782637577,0.1214722757353176,1,0,0
0.41286441878560276,0.20231242801036864,0,0,0
0.9252102150417836,0.30115657481914704,0,1,0
0.47537031824221254,-0.08970869852989272,0,1,0
0.6129690204675874,-0.15325991335858224,1,1,1
0.5833782765518004,-0.2114483820370726,1,1,1
0.9389046986393497,0.06809467107772638,1,1,0
0.41253068752078753,-0.15136438485463777,0,1,1
0.4666453974930502,-0.17190575932406693,1,1,1
0.7281281466698479,-0.48310914656460346,0,1,0
0.9092925623309498,0.44831598754160773,0,0,0
0.29190727253508286,-0.43940575567945994,0,1,1
0.36790681512436363,-0.22912848168906053,0,1,0
0.9584275859873836,0.42141962734069616,1,0,0
0.8218376835235446,0.2353481952623454,1,0,0
0.4768558139903064,0.07813980418744004,0,0,0
0.4861078464637026,0.16081391319537286,0,1,0
0.5756270965330683,-0.4029399471872045,0,0,0
0.7390395998021553,0.3086473436552222,0,1,0
0.6488328837210928,-0.24989323821739695,1,0,0
0.8208959619987637,0.4562139778788705,0,0,0
0.2433334334241132,-0.26862539620598125,0,0,1
0.8552325940121359,0.12536441623182548,0,1,0
0.24644108140197254,0.04532449201216948,1,0,1
0.9047791400174157,-0.3568969060313313,1,1,0
0.2346035482779991,-0.1370728321831879,1,0,1
0.3022659451030421,0.28129275473893267,1,0,1
0.3441474974536384,-0.28741192600089194,0,0,1
0.37844062571171905,0.462857314841953,0,0,0
0.5214096580722029,-0.20451636135239315,0,0,0
0.7243856055018225,0.12672165948008574,1,1,0
0.9140827055262224,0.118867039589865,0,1,0
0.6196022481091801,-0.029221757834834716,0,1,0
0.6259917926777665,0.15536046416575922,0,0,0
0.4554440783597474,0.24357694382677142,0,1,1
0.8405443394446792,0.11900297134088844,0,0,0
0.28838898249455797,0.05999461933397909,0,0,0
0.4408825445265497,0.10662740807276361,1,1,1
0.27758513099131454,-0.09804407959804007,0,1,1
0.37134465506097114,-0.4291268328684499,0,1,1
0.6692783292446272,-0.34030162081721804,0,0,0
0.30076831038472984,0.10670404303969461,0,1,1
0.28049423621081737,0.4271738924174422,1,0,0
0.8607286491516775,-0.47425945142881776,0,0,0
0.2946393024753099,0.04403519706219572,0,0,0
0.6864426799297225,-0.2479385669908103,1,0,0
0.4816089463153362,0.061739905484513136,1,0,1
0.9170936974209971,0.24965735773370168,1,0,0
0.7660400294465748,0.23545313216959285,0,0,0
0.2475441852104483,0.2248857978181339,1,1,1
0.9163744884074516,0.27892346593943695,1,0,0
0.5311191156288286,-0.4273893131790424,1,1,0
0.4385819591872787,0.009577833917952194,1,0,1
0.7382256172502926,-0.2382215146278518,1,1,0
0.7743791369861825,0.421270561002413,0,1,0
0.44260062149668855,0.28287922201947124,0,1,0
0.4813252367976364,-0.39245515264161024,1,0,1
0.3250644076053524,-0.25675387096982005,0,0,0
0.6747548518473394,-0.0447797445018554,1,0,1
0.9655272426652974,0.46290862180642556,1,0,0
0.5332995698747147,-0.39032681587894813,0,1,0
0.9969649452755476,0.06797236854212962,1,1,0
0.3411316835966714,-0.1587124868254416,1,1,1
0.8368795672334279,0.14634034173255728,0,1,0
0.9424866028914054,0.1487067270227045,1,1,0
0.7504434821306007,-0.25940851331598147,0,0,0
0.2874610314486926,0.28580940030606616,0,0,1
0.46123308307076416,-0.4087375286651921,0,1,1
0.2685326505418333,0.31813887108733296,1,1,0
0.6813984967326405,-0.28803314142050596,0,0,0
0.998519047327145,0.08957929849165269,0,1,0
0.4998036905882073,-0.15269027309722993,0,0,0
0.33035603402100905,0.10977982662189467,1,1,1
0.41491215573362017,-0.23258215172562258,1,1,1
0.6566415753681512,0.06896367195051067,1,1,1
0.6551694294674157,-0.4918017397864358,1,1,1
0.38385666634904486,-0.12554554238279803,1,0,1
0.80056379243026,0.3263893790621891,0,1,0
0.27040983319468836,-0.036993413494492255,1,0,0
0.6984322262112178,-0.0007389010100342652,0,1,0
0.5405591591603055,0.12157683791399299,1,0,0
0.3017400158745974,-0.06579040116601764,1,0,1
0.7075078016765233,0.3670767277238136,0,0,0
0.7384395345559438,-0.0966753301518114,1,1,0
0.5520162365049531,0.44255243424325064,0,1,0
0.838394255572332,0.3769380233242583,1,0,0
0.6074532675283885,-0.07891221734101483,1,0,1
0.4286035616788339,-0.1341991254013628,0,1,1
0.9628810223505258,0.17662801890016833,0,1,0
0.9552352301998968,0.25530674867406244,0,0,0
0.276497115774676,-0.3141384226754119,1,1,1
0.9568650260387068,-0.25895479681351763,1,0,0
0.8203859045906532,-0.3537474833515071,0,1,0
0.28531533004578774,0.2606918781883185,1,1,0
0.6154602174817716,0.21440186497908487,0,0,0
0.2279610480620792,-0.3109461856816238,0,1,1
0.6710856564487014,0.03687478615434303,0,1,0
0.9465501134945495,0.2642393592033998,0,0,0
0.4945677899883665,0.44702866274337283,1,0,0
0.6069001392409265,-0.3214773458689686,0,0,0
0.3820482607221409,-0.19567022011031077,0,0,0
0.6327569919431141,-0.1516602163609262,1,1,1
0.8420597349946912,0.12497735913320929,0,0,0
0.3722066191497839,-0.36358114979101286,1,1,1
0.6427894095716138,-0.3065709307486072,1,0,1
0.4837146216943315,0.2804368373919862,0,0,0
0.7982976624590064,0.04205366585607051,1,1,0
0.7616309295657624,-0.3396137684715418,0,1,1
0.7590317248912681,-0.11156725199177464,1,0,0
0.502242506979516,-0.3655058046682672,0,0,1
0.6794234423763825,-0.13730999876315808,0,1,0
0.720868146949178,-0.09980070478836434,0,0,0
0.7446511778957834,-0.38788958837460374,0,0,0
0.6602050832300579,-0.44016657381395796,1,0,0
0.89344379745858,0.38160189025753066,1,1,0
0.3990388634160021,0.3876480896402189,1,1,1
0.24464543148910123,-0.4974211247873501,0,0,1
0.97000276309904,0.14120409642413645,1,1,0
0.24858698129909484,-0.40632099246102016,0,1,1
0.9223645246335639,0.31014164553131784,0,1,0
0.6898279495633788,0.37956239215375154,1,0,0
0.9349923082516796,0.11661515537022593,1,0,0
0.6519631444501113,0.11315545720294207,0,1,0
0.8568069803942457,-0.12851849094627577,0,1,0
0.7770322105876268,-0.25053103063713833,1,1,1
0.6200897069285365,-0.0007291708467536129,1,0,0
0.4906588719628954,-0.366282776523446,0,1,1
0.20228721655067386,0.17222489486091375,1,0,1
0.4007242196555016,-0.029913104620281517,0,0,1
0.9614134467791546,-0.3223984939690693,0,0,0
0.42036947829199306,0.08831425278928284,0,1,0
0.8014819541297602,0.29532783658572903,1,0,0
0.6067980916250688,0.08879946166713093,1,1,0
0.4468115077238395,0.029661411656544234,0,0,0
0.9928747591699045,0.34771747813081,1,1,0
0.23757950201983535,-0.48924461499917005,0,1,1
0.665661685179219,0.11674762783462944,1,1,1
0.5692145728077691,-0.09030781680543254,0,1,0
0.2612211277616493,-0.3064338513423307,0,1,1
0.37127696465228405,0.47957785008609966,0,1,0
0.7553935789423132,-0.09618617085281067,1,1,0
0.2866629038347468,-0.16473718755777744,0,0,0
0.8408200884397699,-0.3309915602593533,1,1,0
0.7000487951616907,0.49776595124548406,0,0,0
0.28068607590688555,0.35605135602967675,1,0,1
0.42945170301059793,-0.4300275813250488,1,0,1
0.3097422898774916,0.06575387612718331,1,0,1
0.8380810364462137,-0.35259878912453413,0,0,0
0.6263677001005337,0.215781415012947,1,1,0
0.2022639493732692,-0.015916570739562985,0,1,0
0.634322917782522,-0.3896110358007241,1,1,1
0.5862429474119608,0.05703889126428985,1,0,0
0.7144611223940041,0.41067565110281234,0,0,0
0.2278752443895969,-0.15880531766684747,0,0,0
0.22834063354643785,-0.449194385238021,1,0,1
0.4794944840762854,0.4452071112646443,0,0,0
0.7508304769291898,-0.35820081199054943,0,0,0
0.7332464740709566,-0.02494799911876633,1,1,0
0.42261086336820375,0.04467712784828426,1,0,1
0.3728540356503167,-0.26291253681874327,0,0,0
0.7465004779048503,-0.322581967961861,0,1,0
0.2216901889070421,-0.38686111938514034,1,0,1
0.6454266653555638,-0.4300447176460266,0,1,1
0.5392789136353017,0.00812654768034482,0,1,0
0.3912694543481681,0.3420207768343164,0,0,0
0.6162384714659719,-0.3732412286333987,0,1,0
0.37373412529824246,0.2006190284454984,1,0,0
0.6514572844393938,-0.0873792295764001,0,0,0
0.31917906898107473,-0.46477576102941387,0,0,0
0.524554329673085,0.03597231000472145,1,1,0
0.6083410682438443,-0.2479917338668236,1,1,1
0.22536082243506197,0.10525409304050237,1,1,1
0.6885737923756914,-0.15067698916112882,1,1,1
0.8002522347980028,0.16645231826295903,1,1,0
0.9648588502488316,0.41850336293102897,0,0,0
0.36250108197152775,-0.25545543791854086,0,0,0
0.366956293799663,0.4398404689876976,1,0,0
0.4438646593830699,-0.2956911397496681,0,1,1
0.9126112299655245,-0.42930511777663694,1,1,0
0.5254857309542978,-0.3072990126119203,0,1,1
0.4414350504607639,0.31491669951554835,1,1,1
0.7929446255035009,0.17755624526454183,0,0,0
0.23039214206211397,0.4708341532614312,0,1,0
0.6390516090466452,0.20982731042493075,0,0,0
0.5601519928610086,-0.08736873496336606,1,0,0
0.6998865685941247,0.3924309741328762,1,0,0
0.7848797387923301,0.4581285182084599,0,1,0
0.45999070843621714,0.2916549209601059,1,0,0
0.709133748818594,0.05663958583510098,1,1,0
0.6194629623687957,0.3257657813055628,0,0,0
0.3071742483122213,-0.32095529266571843,1,1,1
0.9053809664077286,0.4003500229293864,0,1,0
0.8036721342646842,0.49955898248653596,0,0,0
0.937323307383223,0.16514016645534535,0,0,0
0.7763236731711995,-0.3041109604199915,0,0,0
0.39584524837686114,-0.3555633378046782,1,0,1
0.5444209801087916,0.4594144056003471,1,0,0
0.5094947403558951,0.3713528213683255,0,1,0
0.22865754610572495,0.248678851564767,0,1,1
0.5284385223831094,0.4491192536154113,1,1,1
0.47645556319822646,0.00340375286839123,0,1,1
0.2031390289607039,0.3877464030023644,0,0,1
0.8776986072730337,-0.33717968601162085,0,0,0
0.3150995400062826,-0.31719028189263754,0,0,1
0.6007617339082112,0.012343045660389906,1,1,1
0.8277422585072363,-0.16749033915547573,1,1,1
0.6835850952798472,-0.06748073198534232,0,1,0
0.3354809803061207,0.29819698630053326,1,1,0
0.6945689005320893,-0.44659252905774094,0,0,0
0.806077515558989,0.2208438342802297,0,1,0
0.8838116129153437,-0.41177073154663446,1,1,0
0.454923007790025,0.3475010502804202,1,1,1
0.22713712042881548,-0.2981001934643249,1,1,1
0.6863585651543256,0.23493892034799557,1,0,0
0.3806148081151253,0.09187939898768904,1,0,1
0.8247160591556733,-0.11437789292715239,1,1,0
0.7439053674928995,-0.23246374958108473,1,1,1
0.8185494837407423,-0.4425406837335909,0,1,0
0.9740249602571214,-0.1466197930869929,0,0,0
0.667637916118833,-0.299471243398824,1,0,1
0.9234508403280879,-0.3640874960480177,0,1,0
0.7135147059792355,0.23849812258913416,1,1,0
0.34539547695894723,-0.2874850089867995,0,1,1
0.8394465436071672,-0.27684195228383157,0,0,0
0.7549588993709722,-0.15951854824595635,0,1,0
0.9823518221399328,-0.03734684037823077,0,0,0
0.3947455911525952,0.013712744289700152,0,1,1
0.466500413027146,0.16454626884041312,0,0,0
0.8571928212818976,0.08852204783792728,1,0,0
0.25031167842686436,-0.018316120273358272,0,1,1
0.7065598116919527,-0.10605978536252969,0,0,0
0.6283808421863002,-0.23421378807076554,1,0,0
0.3350574978140455,0.20994261368303946,0,1,0
0.3320973674081945,-0.18249867960625232,1,1,1
0.8481580970031837,0.34958139352589535,1,0,0
0.21235612435013984,0.08616245588798666,1,1,1
0.7974731522479537,0.13394427852818058,0,1,0
0.7861337816035896,0.00879023087773334,0,0,0
0.7197439810949235,0.4285560646520479,1,0,0
0.5276141304650129,-0.0784044313822555,0,1,0
0.22265654681936564,-0.07303154658118738,0,0,1
0.8414213346344137,0.39301449577183,0,1,0
0.30056576304515303,0.10490692096017151,1,1,1
0.4246299873277646,-0.05085128427585961,0,1,0
0.9574263414329627,-0.2378488854832691,0,1,0
0.441488821212937,-0.2549555549480823,0,1,1
0.40411132031593733,0.301434313755236,0,1,0
0.9786964443027235,-0.2205339223762799,0,1,0
0.26874576167653513,-0.4942623096966343,1,1,1
0.328552310333878,-0.48053936070167635,1,1,1
0.5506540119054282,0.4784026115965646,0,0,0
0.8301385022732406,0.05983793662294434,0,0,0
0.9074871511546212,-0.010975368140604624,0,1,0
0.8045085781462127,0.4178760691083302,1,1,0
0.9809400252822831,-0.14831260100970722,0,1,0
0.2134769140855669,0.294997559655233,1,0,1
0.6956052439931517,0.22180981278013878,1,1,0
0.2930769615079471,-0.02290351767816201,1,1,1
0.9282901924838962,0.274631897458691,0,0,0
0.9482457658875139,0.46577838759263723,1,0,0
0.4424225741630381,-0.29939262421292934,1,1,1
0.8621668281463988,-0.4824905854989785,0,0,0
0.7042204603098385,0.32145440626429944,1,0,0
0.28039102758804657,-0.09641292715518635,0,1,1
0.6822145274627553,0.044402493515008135,1,1,0
0.9808456314861349,-0.277537679267468,1,0,0
0.44647523920457854,0.3417887618528771,1,0,0
0.20091262091680193,0.22120624907271136,1,1,1
0.9814333417625434,0.4533666281947981,0,1,0
0.5311867339604026,-0.024748128400315816,1,0,0
0.5447462142747064,0.47656501276082763,1,1,0
0.7700896936749908,0.010855392973898592,0,0,0
0.6835083097155394,0.12142209086277245,0,1,0
0.4415892898495912,0.17412743982169043,1,1,1
0.2799823029247739,-0.010228544279825225,0,1,0
0.8618900159577567,0.06278019096892451,0,0,0
0.586701741077122,-0.27669293529851,1,1,1
0.7379794349173769,-0.13763694186709174,0,0,0
0.8884037600953165,0.20199324509224814,1,0,0
0.21417790342817788,-0.4610110399820657,0,1,1
0.8875082215541532,0.20041311996727496,0,1,0
0.8014362078054145,-0.1962243554575116,1,0,0
0.9574573999891711,-0.22816416362577785,1,1,0
0.386872644215027,0.1934884643526109,1,1,1
0.457937869758334,-0.28505483727924374,1,0,0
0.7291829940900156,0.46168343588931415,1,0,0
0.9406343909289867,0.49067903371307164,0,0,0
0.9941354891595127,-0.04189959214854133,0,1,0
0.5333901204685448,-0.09858166415770697,1,1,1
0.6313837405765952,-0.42096254360126717,1,1,1
0.33644080609098526,0.278218683794181,1,0,0
0.7551802937908787,-0.33727600345376196,1,0,0
0.8698963383143317,0.4330478604760809,1,1,0
0.8389194499555361,0.4905927389552103,1,0,0
0.47667443580488267,-0.37759021991828845,1,1,1
0.9706112125711517,0.1830058820927074,1,0,0
0.2962772696304251,-0.03400800843227281,0,1,1
0.5951760120769278,0.04114585421051986,1,0,1
0.6436777041544843,-0.3204253203452181,1,0,0
0.6292110856429237,0.22352089944491382,1,0,0
0.8063126237431553,-0.33338727903487997,0,0,0
0.6876857859818013,0.3852999777437376,0,1,0
0.26170354663533973,-0.046025385656839224,1,1,1
0.343881322749397,0.13486809936754474,0,1,0
0.6257912165240829,0.421791107048329,1,0,0
0.755638080850735,0.23793950480253678,0,1,0
0.6113396257684626,0.04084788344996937,1,1,0
0.4844062267523718,-0.09732235215664009,1,0,1
0.24090764939669163,-0.03786487800629579,0,0,1
0.828704719468089,-0.1583269403894607,1,0,0
0.5977553919184709,0.4461838252524052,0,0,0
0.6310313044376741,-0.2471421558523511,1,1,1
0.575166512214333,-0.09065371740302763,1,0,0
0.41227633259659735,0.2782239246510758,1,0,1
0.4210987717952385,-0.1356583273739359,0,0,0
0.2508006297999925,0.3866108964381193,0,0,0
0.7660792129615464,-0.2569273598529511,0,1,0
0.4174982985068176,-0.4686551582905961,1,0,1
0.4388490785394222,0.12875111225186875,0,1,0
0.9948000968022721,0.00825345773513042,0,1,0
0.5086500446593591,0.43305807989082257,1,1,0
0.6085577662032071,-0.07686767410403827,0,0,0
0.5091784806089452,-0.3644097420418061,0,1,1
0.4321528905955003,-0.17025446275365008,0,0,0
0.20468059059741234,-0.10678819003957685,1,0,1
0.8839090782202039,0.08313181382580481,1,0,0
0.5785229403520493,-0.22549950891082404,1,0,0
0.7759122429675336,0.050313320173805076,1,0,0
0.9669253533036564,0.4080458655659637,1,1,0
0.20226507196298985,-0.07626965020142651,1,1,1
0.7400316854754057,0.1515694939376312,1,0,0
0.294912563227151,-0.271101412874204,1,0,1
0.5663720461460173,0.30132704504602237,0,0,0
0.8774256647131593,-0.230329369639941,1,0,0
0.2571966791875746,0.07980279350555675,0,0,1
0.9916907879029075,-0.199752530267315,0,1,0
0.6646686624946905,-0.432597649938153,0,1,0
0.5159947671337242,-0.18033725943896928,1,1,1
0.2156082122683235,-0.28796933928865076,1,0,1
0.6694584625291081,0.392673768402629,0,1,0
0.5959123712060044,-0.2338378853618568,1,0,1
0.3722536017379911,0.47442318176892195,0,1,0
0.5923580268700006,-0.0076541882751347545,1,1,0
0.21023141121838915,-0.2789350334323508,1,0,0
0.9995820912230351,-0.1086558668343044,1,1,0
0.4656915529325028,-0.31656888250241266,0,0,0
0.5841777184489518,0.33368325384545383,1,0,0
0.8278225344403254,-0.38003073069352467,0,1,0
0.7702226748747341,0.3735277514954133,1,1,0
0.9108472325616808,-0.4540829515479118,1,1,1
0.9530605894932409,-0.20039206847066704,1,0,0
0.35134226477309316,-0.3601132797572232,1,0,1
0.5123198769806196,0.1852655459207373,0,0,0
0.7494535935699131,0.012321730993041013,0,1,0
0.23601942034433174,0.43933957284787084,0,0,0
0.7735559249434383,-0.13381923891935088,0,1,0
0.2039067520009982,-0.4592509064995065,1,0,1
0.931270781014027,0.26165906319513343,0,0,0
0.7745355597932824,0.07950064967571735,1,0,0
0.6523993379719861,0.3274353052444139,1,0,0
0.5431207778409801,-0.07386142792639183,1,1,1
0.9904198148371293,0.23818116135645062,0,0,0
0.7892093866875778,-0.32893429385053186,0,0,0
0.8458343660111136,0.49952655483184105,1,1,0
0.860307992187838,-0.32635302513089104,1,1,1
0.21749994663024133,0.329800627658866,0,1,1
0.24374750804980785,-0.28756183103727384,0,0,1
0.3586919885760933,0.2825079845941679,0,1,0
0.7241740768696521,0.361252417027473,0,0,0
0.6991593569595311,0.376640906209768,0,1,0
0.4601308438428615,-0.02428155308682356,1,1,1
0.9783990105395679,-0.07118702688337397,0,1,0
0.27448531370249984,0.33379113013073636,1,1,1
0.8213760982172611,0.07948922295081406,0,1,0
0.5847016957481947,0.1212768314885283,0,0,0
0.5350673599780225,-0.2639328787913785,0,1,0
0.2204519945559188,-0.05384298579739333,0,0,1
0.7822397132961767,-0.130551111933213,1,1,1
0.8172604086135795,0.16532155908803414,1,1,1
0.4551659974309432,-0.303516719980804,1,0,1
0.6135702964766765,-0.09424807327771134,0,0,0
0.6851536985878899,0.3487320589981576,1,1,0
0.4941161942908959,0.04644567708853231,0,1,0
0.6924656049274893,0.3960439773248119,1,0,0
0.5473016475333982,-0.2674725560433193,1,1,1
0.9024558843963215,-0.06009666340173048,0,1,0
0.7748105813524915,0.0004162231951051476,1,0,0
0.28839998651485454,-0.09943259269381366,0,0,1
0.8396825469269968,0.18449356234753034,0,1,0
0.4700045051160071,-0.35128018840652964,1,0,0
0.948454737625607,0.019400390171857684,1,0,0
0.6826970238224428,-0.3612276495239908,1,1,0
0.22206236851263716,0.12919748878755477,1,1,1
0.7874901640808478,0.330248133274467,0,1,0
0.30458749517683714,-0.48000295330643594,0,1,1
0.901813986365823,-0.04306377829606556,1,0,0
0.9586642460459218,-0.007296408189704784,0,1,0
0.7562046824234736,0.22025421065313722,1,1,0
0.6262982213727551,-0.4252800680249642,0,1,0
0.6816504062663841,-0.093979218729904,0,1,0
0.5430841369567458,0.28548123117255586,0,1,0
0.2668662256116721,0.0321445615108743,0,0,1
0.9430747990674533,0.2498461881132613,1,0,0
0.4633492278035538,-0.1359902197283419,0,1,0
0.4502782189603224,0.4200876818858551,0,0,0
0.3530598206662589,-0.4226547417804851,1,1,1
0.9939265990675699,-0.4088355941972025,1,0,0
0.9540515498242332,0.028485904909046345,0,1,0
0.47954589588300633,-0.029176150964347447,0,0,0
0.40800430475592747,0.13846752746490154,1,1,1
0.8442956237458881,-0.27094386526078196,1,1,0
0.5380880401569117,-0.2739717090231244,0,0,0
0.9742304400705142,0.24910956776970372,1,0,0
0.9209733836874683,-0.20823479929532684,1,1,0
0.807561073808154,0.22729173516000223,1,1,0
0.2719394320914935,0.1407069850795798,1,1,1
0.7617021892444003,-0.4166728466708264,1,0,0
0.9898035094887006,0.21112963973607402,1,0,0
0.49863402638701343,0.37951537460592555,1,0,0
0.9052552024394513,0.3166462573476223,1,1,0
0.5265134714769546,-0.4911381341102249,0,0,0
0.9770592005675054,0.0397139061386238,1,0,0
0.7228730972700455,0.41333721177342164,1,1,0
0.2772003863310342,0.09872567419916634,0,1,1
0.5832365910356986,-0.20967392934689844,1,0,0
0.2397830027181742,-0.3054553580002026,1,0,1
0.5160605789488866,0.18494752935496195,1,0,0
0.932304971312865,0.27125393471287296,1,1,0
0.38576175558509,0.41258476491740037,0,0,0
0.9604542224653789,0.40571658353310525,0,1,0
0.2799384357081124,-0.160719833884284,0,1,0
0.7318492376593371,0.10387693150578403,1,0,0
0.9725484449204009,-0.3984808141410062,0,0,0
0.7233228589866008,-0.40553744983620255,0,1,0
0.9192031630042266,-0.4285314331994534,1,1,0
0.9928243797166383,0.4271442460879121,1,1,0
0.7134747488339712,-0.34756757377250647,0,0,0
0.8258110778324856,-0.017673801511371434,1,1,0
0.22558815502378968,-0.06692763520559275,0,0,0
0.5418483028152352,-0.17522889037334555,1,0,0
0.4306122828039297,0.037730652351436356,1,1,1
0.8593482671977253,-0.4972091095264114,0,1,0
0.7420624100650446,-0.11985066168040259,0,1,0
0.6915313779041512,-0.020655939530345946,0,0,0
0.9452469502551342,0.30330438620530054,1,1,0
0.27109424406515387,0.20096342930164535,0,0,0
0.9630730177716582,0.3497618040179573,0,0,0
0.28061176573537683,-0.12370176473487882,0,0,1
0.47761403750601406,-0.3590944722026115,1,1,1
0.7042189318377459,-0.09894353606694695,0,0,0
0.47318096309398094,0.4630596339250075,0,1,0
0.7460290226354924,-0.28567240594273147,0,1,0
0.8203348953564531,-0.32524463702593676,1,1,1
0.8628046639530715,0.4443372761590757,0,1,0
0.34347496072319994,0.4499230848102128,1,0,0
0.34566135695107725,-0.35076314557008437,0,0,1
0.2418512223431277,0.2694528615511991,0,0,1
0.5926814711254611,-0.07025749581422958,1,1,1
0.31002689507678727,-0.007784283995078356,0,0,0
0.45487759310968906,-0.0013118535418538135,1,0,1
0.8723474554266377,0.46837156111834366,1,1,0
0.9589271541741469,-0.3153388857499114,1,0,0
0.8576607578776092,0.27306373525281824,1,1,0
0.20051870652996442,-0.49432589164039165,1,0,1
0.6544193930710176,0.1286101069088057,0,0,0
0.3333281036535503,0.15267797669905958,0,0,0
0.5005975289654062,0.2537062094506878,1,0,0
0.5423351553161404,0.4259623628061254,0,0,0
0.9543526062496301,0.25383510565563916,0,0,0
0.7069909855124994,0.2321439858395088,0,0,0
0.4141240415841407,-0.24621248367902504,0,0,0
0.7142358725067517,0.49283970917147946,1,0,0
0.9614923820431382,-0.031591189076074166,0,1,0
0.24732729927366937,-0.08254989772077692,0,1,1
0.8527901342740993,0.0018775732770934805,0,0,0
0.3735180445713113,-0.10594354424631658,1,1,1
0.3224863616511656,0.09363757122595451,0,0,0
0.9190935349387601,-0.15037541021497358,1,0,0
0.20147956559831784,-0.2600551510554041,0,0,1
0.7928685922983139,0.4279949017957395,0,0,0
0.2697827279115105,0.42782847997081197,0,0,0
0.6943962360324931,-0.0037545872193113228,0,1,0
0.6967175211124547,0.46214734394430346,0,1,0
0.8902208395931692,-0.08428284015564258,0,0,0
0.858085197783639,-0.11262113153338149,1,0,0
0.7481314744688303,0.41690613571417445,0,1,0
0.5044380723367456,0.13291700302317377,1,1,1
0.33312459763805613,0.26251736999688224,1,0,0
0.7085463408794277,-0.08725616843597872,0,1,0
0.5975758389663302,-0.09299833552398484,1,0,0
0.26235380982511,-0.41669629512189954,0,1,1
0.9644495123750823,0.46674388461377325,0,1,0
0.45153561592944985,-0.27204103315789396,1,0,1
0.20171261199384427,-0.005732936366068975,1,1,1
0.9213522430699534,-0.38538972815392947,1,1,0
0.6616407038965331,0.1469536133543663,0,1,0
0.786448538840254,-0.10912454975223296,1,1,0
0.32213299223630787,0.2676618740924276,0,1,0
0.5236845392208336,0.02837865448796495,0,0,0
0.7160489838509971,-0.3705206848150623,0,1,0
0.4007717665305416,-0.489259491405054,0,1,1
0.7611991561473264,-0.28755131769969555,0,1,0
0.3868919381391006,0.22434649482045566,0,0,0
0.3673022617118982,0.3285141276008635,0,1,1
0.20929972020830628,-0.15866496434038557,1,0,1
0.4255253962826454,0.03592507123285449,1,1,0
0.3973894336238547,-0.259986709541444,0,0,0
0.8114852453442787,0.38044324091996073,0,0,0
0.6557679249343367,0.4652071459091819,0,1,0
0.3422595869856452,0.2529400237269399,0,0,0
0.6545019767590698,-0.4111132794081689,0,0,0
0.38035487245981675,-0.06288141938108105,0,0,0
0.5404018240433563,0.4905056817499768,1,0,0
0.9105664493756371,-0.27061517068673524,1,0,0
0.7754049756131949,0.17047167017547882,0,0,0
0.7208800133609785,0.43856348142765655,0,1,0
0.4251867594577111,0.2732033882633873,1,0,0
0.29966533191726274,0.10886015566427887,1,0,1
0.8023591874399476,0.006705158895562557,0,0,0
0.6543123076382319,0.4288143623370332,1,1,1
0.6982081358593898,-0.10526663289230465,0,1,1
0.9800906555033209,0.4012689998845531,1,0,0
0.47865673613376364,-0.06894707099242925,0,0,0
0.840598023363323,0.25654502375882793,0,0,0
0.6471654726977839,0.4157138992674767,1,1,0
0.38820795674155395,0.05064290862821952,0,0,1
0.2423106655892734,-0.19012015166574203,0,1,1
0.6928087135911685,-0.4490132803413257,1,1,1
0.43809290910205867,0.30925996350477514,0,1,0
0.7563826771846998,0.1220099206934171,0,1,0
0.7605817293907216,-0.23695435217450422,1,1,0
0.5643683742554622,0.37741165316158964,0,0,0
0.6291176934716783,0.42030276377580134,0,0,0
0.7012374861343262,0.38716607951287585,1,0,0
0.5748839550400597,0.10151789835618352,0,1,0
0.9018964847592577,0.47658160716929343,1,0,0
0.26074766019980916,0.374805631201768,0,0,1
0.9838545275446124,-0.39573959505434064,1,1,0
0.22676072912662504,0.48110597595934435,1,0,1
0.3664770847171074,0.04880637266985077,1,0,1
0.7666462837234886,0.4200359035579718,0,0,0
0.26796820747328876,0.2603414348326818,1,1,1
0.4097382025202193,0.14756667535541867,1,1,1
0.3231813432391019,-0.1733276183436364,1,1,1
0.7788572510529703,-0.47296997641566585,1,1,1
0.663146713048116,-0.22326374755791645,0,0,0
0.2515828894336502,0.1858203228735955,1,0,1
0.5681073883212857,0.36311490687158,1,1,0
0.36680234241283644,-0.4976534028845204,0,1,1
0.9741588783859214,-0.29202622621317775,1,0,0
0.28633435784724154,0.17306771540208687,1,0,1
0.6784441402912282,-0.21636489567959372,0,0,0
0.5854777886774545,-0.3582971459463845,1,0,0
0.6624675975987047,-0.4180639017764768,0,1,0
0.9651942805649176,0.13787899682455595,1,0,0
0.4730255022531889,0.09485981702834478,1,1,1
0.799013098568863,0.35861357214966927,0,1,0
0.5579731817404109,-0.18516233275473526,1,1,1
0.7286092917804285,-0.36328138166444723,1,0,1
0.4925260370436621,0.2991550886901845,0,1,1
0.38169776420185253,0.48818592485233303,1,0,0
0.26689308750201396,-0.1396104593817813,1,1,1
0.2814010010567023,0.3653496142399302,1,0,0
0.9675442550108133,0.2625454707608623,0,1,0
0.8307652957398359,0.41158529475874817,0,1,0
0.39596739997680586,-0.07562752341907064,0,0,0
0.6233177894699704,-0.3986984951761757,1,1,1
0.7713861794800538,-0.3816437936350713,1,1,0
0.48203032160199416,0.2631984204580421,1,0,0
0.5519904465278276,0.3633318394983679,0,1,0
0.7747055356581651,-0.042983259062948975,1,1,0
0.381963451802507,-0.44042911076285407,0,0,0
0.6210754867733264,-0.43329395964021034,1,1,1
0.36807053734898587,0.09860035006242374,1,1,0
0.2024620808124208,0.41862435021497013,1,0,0
0.7522109884520032,-0.1004164862940835,1,1,1
0.7658118876969939,0.1506198151991558,0,0,0
0.9965781588775362,0.042007768956771496,0,1,0
0.34481235551583966,0.3897578444520615,0,1,1
0.791664260052592,0.3323876116422353,1,0,0
0.9583739394901103,-0.3006514398305963,0,0,0
0.7156642694488846,0.1775430985597185,0,0,0
0.9705124483760683,0.3475031858095382,1,0,0
0.9955527882222275,0.430249381812539,1,0,0
0.8412995214172314,0.089927140525222,0,1,0
0.9994287269647013,-0.32408876483948335,1,1,0
0.7006595674462093,0.05823208408444558,1,1,1
0.5976445540909419,0.16581901165835067,1,1,1
0.9341090034961752,-0.22751093847993253,1,1,0
0.8647646731471881,0.4730014821256897,1,0,0
0.28808965867498854,-0.27067374869192606,1,1,1
0.442178117439012,0.4113525217310383,1,1,0
0.40851609634398844,-0.07481924247535732,1,0,1
0.884209327502167,-0.49944583516709606,1,0,0
0.386596283445443,0.04328907334997856,1,1,1
0.443235817979276,0.1282858659173466,1,0,1
0.6150309234365907,0.3693633532082976,0,0,0
0.2608955893710084,0.04056323847026344,0,0,0
0.9689837141103341,-0.4058706178472684,0,1,0
0.5928502212287247,0.42681355930627785,0,0,0
0.3523469792233931,0.06535479092547325,1,0,1
0.4166565902589932,-0.228468808027821,0,0,0
0.8384669976697294,0.39885861648849386,1,0,0
0.7072051841427378,-0.3790865276329657,1,0,0
0.5717008193787163,-0.40251716098663837,0,0,1
0.46528109391041206,0.0350090938005817,1,0,0
0.9205474904070887,0.12488422780620956,0,1,0
0.8180516322337437,0.010959167391473179,1,0,0
0.7744896298798896,0.42899204711243233,1,1,0
0.5568004036937865,-0.23717916527390248,1,0,0
0.9849281206078497,0.49023507587606174,0,1,0
0.7680562374290449,-0.4806506655540126,0,0,0
0.5388997799893271,-0.3814660053398473,1,0,1
0.9684416349851654,-0.31432369397258797,0,0,0
0.9165799972248134,-0.42042427294547335,0,0,0
0.7919721548354668,-0.0617821335709855,0,1,0
0.8135968972960654,0.36537217571211966,1,1,0
0.5389019997551241,0.3207593268801304,1,0,0
0.6058804029041381,0.2447568560476171,1,0,0
0.35323787122947437,-0.4925905980645423,0,1,1
0.6763169964270788,0.3657060267562281,1,1,0
0.4959332386872577,-0.10350090804478518,0,1,0
0.47795066045628254,0.2316377545238789,1,1,1
0.9585825609104528,0.22691868446372854,1,0,0
0.3318267465471979,-0.32247897278146387,0,1,1
0.8639788672748374,0.015394847584325966,1,0,0
0.42517485680647527,0.4261809589460742,0,0,0
0.22292450321602042,-0.23695136991812005,1,1,1
0.23237046386306198,0.21502784800153485,1,1,1
0.5433419940686972,0.4580510392938707,0,1,0
0.563568724918779,-0.1393688243706076,0,1,0
0.45620090275547887,-0.11236632730834784,0,1,0
0.7350236844514928,-0.04743749079142645,1,1,1
0.5882742227941998,0.30903924166944374,1,1,1
0.25929045306492554,-0.060715278263839045,0,1,1
0.47845695593062043,-0.013754043992624698,1,0,0
0.2815701870799232,-0.2776825102297228,1,0,1
0.2503325551121936,0.4883450653521907,0,0,0
0.3666452999979537,0.39235415396989826,0,1,1
0.7604603689292537,0.10025431302845755,1,0,0
0.7568013165805823,0.46056007145991873,1,0,0
0.8891113016828489,0.18699776674738,1,1,0
0.8051354339923251,0.4591056325191628,1,1,0
0.6283965498089168,-0.3384641332603703,0,1,0
0.4500896704074087,-0.2745425930969192,0,1,1
0.20464919613420057,0.38518246363839403,0,1,0
0.7177099850302355,-0.08012560837337945,0,1,0
0.43177055009187754,-0.1288422958974319,0,0,0
0.4000800813823344,0.2543353563840106,1,0,1
0.9798604326193652,0.13032566016935965,0,0,0
0.3393921539250009,-0.15592840023275734,1,1,1
0.22594779187951755,-0.10213941244727309,0,1,1
0.9595123161536931,-0.09161624169984584,1,0,0
0.44480537764514755,-0.37366867193095576,1,1,1
0.5147360404965204,-0.2704460705298216,1,0,1
0.2647479231547374,0.03753028160250371,1,1,1
0.5232521715626568,0.2818271522784995,1,1,1
0.9777770326148403,-0.08095171557077907,1,0,0
0.755215774270461,-0.11664720041404086,1,0,0
0.5790598758665597,0.15051615353051717,0,0,0
0.4459773168098824,-0.3427461361197871,1,0,1
0.4928351674248336,-0.1192496755828969,1,1,1
0.6889825199681587,-0.29186376380300616,1,1,1
0.4035600500842478,0.1516462343279148,1,1,1
0.3215580203961601,-0.3876359850839226,0,1,1
0.7569829391549185,-0.052177180397557144,0,0,0
0.8955758216950795,0.09618205709240846,1,1,0
0.9212311267366509,0.33367544287824025,1,0,0
0.8731348255024083,0.22455127642610495,1,1,0
0.6244797453599353,0.4428631210138628,0,0,0
0.8310647752032672,0.17987840725294535,0,1,0
0.9410845854139092,-0.15081036509982015,1,1,0
0.2186900716857074,-0.268276117485578,0,0,1
0.5296785741665536,-0.44341759634115974,1,0,1
0.3633003836561559,-0.22241238329003343,1,0,1
0.9974150283396186,-0.36315131115329924,0,0,0
0.9436528077065394,-0.13077522225831817,1,1,0
0.8417487608607894,0.20257813925260548,1,1,0
0.43670384410093255,0.19203402421314586,0,1,0
0.9616818116361046,-0.18183357063605798,1,0,0
0.22340035204971542,0.008552370616087934,1,0,1
0.3504317652140605,-0.2832284301982009,0,0,1
0.6934990033847411,0.0029767185340182634,1,0,0
0.8344053696466467,0.01008187623011414,1,0,0
0.9069046824924563,-0.19870316108159813,0,1,0
0.44040688856100707,-0.2405322037594103,0,0,0
0.5126436808556554,0.4795744639816819,1,1,0
0.5638619215629972,0.03712351109875367,1,1,0
0.22157905482713192,0.06207663157731602,0,1,1
0.8911754024416818,-0.4922059096319381,0,1,0
0.4703587323089453,-0.31815921836454986,1,1,1
0.3594227630042922,-0.14337803817997719,0,0,1
0.5273576504799624,0.46598074251876864,0,1,0
0.7684506999192198,-0.3247582657129424,0,0,0
0.8967324635150487,-0.19671028867313234,1,1,0
0.3723011729724981,0.49015699378497923,1,1,0
0.3380903736283166,-0.01889135766410388,0,0,0
0.9550263742562746,-0.18159222452977353,1,1,0
0.6407144153308542,0.13435892048682008,1,1,0
0.4926176151935388,-0.00369771548355613,1,1,1
0.3594555640512983,0.45744909164145797,1,1,1
0.9961982577587511,-0.41680495200795475,0,0,0
0.7753474296732412,0.2905479205176613,0,1,0
0.3743082465417322,-0.220913621537015,0,1,0
0.2730075558617223,0.30666933099023164,1,0,0
0.3594258751745967,0.3477203405828664,0,1,0
0.39819408312606247,0.3492228580233985,0,1,0
0.2888685194092824,0.366695698888422,1,0,1
0.38372109657098935,0.21812750678309067,1,1,1
0.29342376394634473,-0.35759585328513976,0,0,0
0.5021853607092501,-0.4480974065012231,1,0,0
0.5889562073358736,-0.15923475621914218,0,1,0
0.5642279780647345,-0.00493014138892256,1,1,1
0.8633680546792517,-0.1973790992604474,1,1,0
0.40319630906776915,0.242206933925596,1,1,1
0.909675059110677,0.22244347776792472,1,0,0
0.9264982548230418,0.4719245011137444,1,1,0
0.9678397696029153,-0.09942690950059052,0,1,0
0.3447865871079079,0.2857276608097634,0,1,1
0.3966009169882971,0.24119997074030686,1,1,1
0.6990658218859257,0.48874951724229365,0,0,0
0.31271330656407115,0.2736152512093648,1,1,1
0.2684970642691396,-0.21642546929793782,0,1,1
0.2589577696251582,-0.4847276008722661,1,1,1
0.6849197077329992,0.46816615447877785,0,0,0
0.8437425136079892,0.216069043844747,0,0,0
0.40710853012735093,0.31260662793584826,1,1,0
0.9468271097006309,0.2932441544287523,0,1,0
0.8335484063192407,0.23576108999316914,0,1,0
0.261968324292057,0.2514744685841753,0,1,0
0.5258425028198519,0.42945818477386855,1,1,0
0.25441189282740706,0.4141112819284737,0,0,0
0.9321553262347959,-0.12077325416001705,0,1,0
0.7942417155781163,-0.4690384763671521,0,0,0
0.7492361042837736,-0.4613184065039333,0,1,0
0.7461614772913587,-0.05336163547653128,1,0,0
0.4281460015165949,0.33497952990040725,1,0,0
0.946831324160567,0.3476112266155218,1,0,0
0.938221326576316,-0.09561041877007559,0,0,0
0.7915910474993846,-0.19838837465203274,1,1,0
0.5751441656574344,0.0066014444315458665,1,0,0
0.23769258463257215,0.33254320686993755,0,1,0
0.22264908010962856,0.13649611967716802,1,1,1
0.31050746633909426,-0.3601941863404652,1,1,1
0.6766117549544461,-0.13776605634144223,1,1,0
0.8384795033637551,0.055425915191537944,1,0,0
0.9587726082188952,0.038262431287171994,1,1,0
0.34028966342091743,0.33063402008870746,1,0,0
0.42042230463692665,0.4321717638406569,1,0,0
0.24328022964353205,-0.3995369058247442,0,1,1
0.9912377335047036,-0.2755924096541117,0,1,0
0.8247320633688584,-0.1078430893605784,1,1,0
0.5845713033520219,-0.20360191854897214,1,0,0
0.6604522842419565,-0.09170950504155717,1,0,0
0.6497395290664736,-0.459278771384768,0,1,0
0.4034886025145203,-0.433986729837185,1,1,1
0.3483125554347357,0.3383614779370744,0,1,0
0.4375805732977056,-0.397418215888113,1,0,1
0.3977228398369199,0.3240751119947495,1,1,1
0.6460224718914889,-0.19348799819696494,1,1,1
0.44656224467188554,-0.1907766301111442,1,1,1
0.783155833292541,-0.39925297187319286,1,1,0
0.6543517862856285,-0.4867366185165013,1,0,1
0.6258110123312379,-0.14471139155461477,0,1,1
0.9610350136713972,0.3353569062939832,1,0,0
0.45792762830425704,0.4199554645380619,1,1,0
0.7082158905919422,-0.43841444386967043,1,1,0
0.20004050162194292,-0.46909193619439127,0,0,1
0.7895389178218155,-0.34119937986966653,1,1,0
0.602035143213409,0.26628980868569585,0,1,0
0.3667079658275678,-0.29511723397652523,0,0,0
0.20120844514289377,-0.26918962560553406,1,0,1
0.7655551712030031,0.3889426978912893,0,0,0
0.730160562840459,0.3749490387585347,0,0,0
0.7323256931836537,0.17028921942016872,1,1,0
0.5499638584963689,-0.33598621951852103,1,1,1
0.711437860615959,-0.11885081034842815,1,0,0
0.6570678320848482,-0.2638225938408948,0,1,0
0.39111603568901493,0.1718455818431287,0,0,0
0.6150144331747429,0.2799310541806278,0,1,0
0.6116742356951161,-0.3578662779824444,0,0,0
0.858898310586699,0.39795583290701886,0,1,0
0.5467912181365888,-0.03717409281616335,0,1,0
0.5488683486130217,0.2950058544949483,0,0,0
0.9875235770198532,-0.4483623914580377,1,0,0
0.9155710982871466,-0.13941881298056236,1,0,0
0.39382879203499344,-0.4852190523026748,0,0,0
0.9282344757349337,0.2184847314356495,1,1,0
0.31037332507682625,-0.4205490297688148,0,0,0
0.8827128469920005,-0.16171420897355548,1,0,0
0.3466587013840139,0.28174868063880665,0,0,0
0.5404826791186912,0.24896647843291397,1,1,1
0.9871373050146717,0.14028962037284265,0,1,0
0.2776391492417843,0.19402063884138887,0,0,1
0.8718302559744042,0.15123132510357273,1,0,0
0.5957871596221277,0.14127595900683032,1,0,0
0.28879309262008834,-0.15034535995860032,1,0,1
0.9619931032840023,-0.4718342959231444,1,0,0
0.6393850945113808,-0.05817415018422001,0,1,0
0.9045128175394683,-0.4545403484096553,1,0,0
0.8952855535894007,-0.03113260487635816,1,1,0
0.2117076663525583,-0.03592102327024338,1,0,1
0.4118725628526687,-0.32127846273618077,1,0,1
0.469537263690522,0.28426163036918606,1,0,0
0.6278912364332041,0.20420934191043116,1,0,0
0.2574928078728646,0.05953954070094425,1,0,1
0.5111735186637519,0.4259085801216873,0,1,0
0.8517104988984774,-0.21281288678978916,0,1,0
0.3385528920058133,-0.2379677785350065,0,1,1
0.7610211796611062,-0.31656418444761103,1,0,0
0.568263527509819,0.04443978778169988,1,1,0
0.25656409511718786,-0.2946428173014195,0,1,1
0.3418992525031638,0.36889557840161813,1,0,1
0.3128245853870837,-0.19569022951619608,1,0,0
0.6957742770550026,-0.00906898976393955,0,1,0
0.2698595191062574,0.02951076493016236,0,0,0
0.8584374246219943,-0.19235345256450154,1,0,0
0.8453273047495176,0.23841962106968817,1,1,0
0.26404959769662595,0.19207293623375654,0,0,0
0.9105577581841469,0.2608110282212446,0,0,0
0.967328660540959,0.10592046979099401,0,1,0
0.23477447854499608,-0.03981770774012228,1,1,1
0.9602636545094654,-0.051082903457483786,0,1,0
0.4235697355117487,0.21653456161846552,0,0,0
0.7318095526425525,-0.122964758944484,1,0,0
0.3398525969895734,-0.062740218887814,1,0,1
0.8539646796836826,-0.33632888077796563,0,0,0
0.8735306732483392,0.17963045632138008,1,0,0
0.9826731241571962,-0.4230752507652068,0,1,0
0.9940267697366663,0.4905121608804818,1,0,0
0.26068616622082247,-0.35626242283038434,0,0,1
0.7263708810224596,-0.11702160388157368,1,0,0
0.41843694172183393,-0.26221936710171867,0,0,1
0.30046222850491616,-0.20934187401615845,1,0,1
0.31903633497207845,-0.1775467506959354,0,0,0
0.9491497911427242,0.21833663905437894,0,1,0
0.7469193906762761,-0.3232507268455511,1,0,0
